<?xml version="1.0" encoding="UTF-8"?>
<kml xmlns="http://www.opengis.net/kml/2.2">
  <Document>
    <name>미국 서부 여행 (26.10.02 ~ 26.10.13)</name>
    <description/>
    <Style id="icon-1899-0288D1-normal">
      <IconStyle>
        <color>ffd18802</color>
        <scale>1</scale>
        <Icon>
          <href>https://www.gstatic.com/mapspro/images/stock/503-wht-blank_maps.png</href>
        </Icon>
        <hotSpot x="32" xunits="pixels" y="64" yunits="insetPixels"/>
      </IconStyle>
      <LabelStyle>
        <scale>0</scale>
      </LabelStyle>
    </Style>
    <Style id="icon-1899-0288D1-highlight">
      <IconStyle>
        <color>ffd18802</color>
        <scale>1</scale>
        <Icon>
          <href>https://www.gstatic.com/mapspro/images/stock/503-wht-blank_maps.png</href>
        </Icon>
        <hotSpot x="32" xunits="pixels" y="64" yunits="insetPixels"/>
      </IconStyle>
      <LabelStyle>
        <scale>1</scale>
      </LabelStyle>
    </Style>
    <StyleMap id="icon-1899-0288D1">
      <Pair>
        <key>normal</key>
        <styleUrl>#icon-1899-0288D1-normal</styleUrl>
      </Pair>
      <Pair>
        <key>highlight</key>
        <styleUrl>#icon-1899-0288D1-highlight</styleUrl>
      </Pair>
    </StyleMap>
    <Style id="icon-seq2-0-0-0288D1-nodesc-normal">
      <IconStyle>
        <color>ffd18802</color>
        <scale>1</scale>
        <Icon>
          <href>images/icon-1.png</href>
        </Icon>
      </IconStyle>
      <LabelStyle>
        <scale>0</scale>
      </LabelStyle>
      <BalloonStyle>
        <text><![CDATA[<h3>$[name]</h3>]]></text>
      </BalloonStyle>
    </Style>
    <Style id="icon-seq2-0-0-0288D1-nodesc-highlight">
      <IconStyle>
        <color>ffd18802</color>
        <scale>1</scale>
        <Icon>
          <href>images/icon-1.png</href>
        </Icon>
      </IconStyle>
      <LabelStyle>
        <scale>1</scale>
      </LabelStyle>
      <BalloonStyle>
        <text><![CDATA[<h3>$[name]</h3>]]></text>
      </BalloonStyle>
    </Style>
    <StyleMap id="icon-seq2-0-0-0288D1-nodesc">
      <Pair>
        <key>normal</key>
        <styleUrl>#icon-seq2-0-0-0288D1-nodesc-normal</styleUrl>
      </Pair>
      <Pair>
        <key>highlight</key>
        <styleUrl>#icon-seq2-0-0-0288D1-nodesc-highlight</styleUrl>
      </Pair>
    </StyleMap>
    <Style id="icon-seq2-0-1-0288D1-nodesc-normal">
      <IconStyle>
        <color>ffd18802</color>
        <scale>1</scale>
        <Icon>
          <href>images/icon-2.png</href>
        </Icon>
      </IconStyle>
      <LabelStyle>
        <scale>0</scale>
      </LabelStyle>
      <BalloonStyle>
        <text><![CDATA[<h3>$[name]</h3>]]></text>
      </BalloonStyle>
    </Style>
    <Style id="icon-seq2-0-1-0288D1-nodesc-highlight">
      <IconStyle>
        <color>ffd18802</color>
        <scale>1</scale>
        <Icon>
          <href>images/icon-2.png</href>
        </Icon>
      </IconStyle>
      <LabelStyle>
        <scale>1</scale>
      </LabelStyle>
      <BalloonStyle>
        <text><![CDATA[<h3>$[name]</h3>]]></text>
      </BalloonStyle>
    </Style>
    <StyleMap id="icon-seq2-0-1-0288D1-nodesc">
      <Pair>
        <key>normal</key>
        <styleUrl>#icon-seq2-0-1-0288D1-nodesc-normal</styleUrl>
      </Pair>
      <Pair>
        <key>highlight</key>
        <styleUrl>#icon-seq2-0-1-0288D1-nodesc-highlight</styleUrl>
      </Pair>
    </StyleMap>
    <Style id="icon-seq2-0-10-0288D1-nodesc-normal">
      <IconStyle>
        <color>ffd18802</color>
        <scale>1</scale>
        <Icon>
          <href>images/icon-11.png</href>
        </Icon>
      </IconStyle>
      <LabelStyle>
        <scale>0</scale>
      </LabelStyle>
      <BalloonStyle>
        <text><![CDATA[<h3>$[name]</h3>]]></text>
      </BalloonStyle>
    </Style>
    <Style id="icon-seq2-0-10-0288D1-nodesc-highlight">
      <IconStyle>
        <color>ffd18802</color>
        <scale>1</scale>
        <Icon>
          <href>images/icon-11.png</href>
        </Icon>
      </IconStyle>
      <LabelStyle>
        <scale>1</scale>
      </LabelStyle>
      <BalloonStyle>
        <text><![CDATA[<h3>$[name]</h3>]]></text>
      </BalloonStyle>
    </Style>
    <StyleMap id="icon-seq2-0-10-0288D1-nodesc">
      <Pair>
        <key>normal</key>
        <styleUrl>#icon-seq2-0-10-0288D1-nodesc-normal</styleUrl>
      </Pair>
      <Pair>
        <key>highlight</key>
        <styleUrl>#icon-seq2-0-10-0288D1-nodesc-highlight</styleUrl>
      </Pair>
    </StyleMap>
    <Style id="icon-seq2-0-11-0288D1-nodesc-normal">
      <IconStyle>
        <color>ffd18802</color>
        <scale>1</scale>
        <Icon>
          <href>images/icon-12.png</href>
        </Icon>
      </IconStyle>
      <LabelStyle>
        <scale>0</scale>
      </LabelStyle>
      <BalloonStyle>
        <text><![CDATA[<h3>$[name]</h3>]]></text>
      </BalloonStyle>
    </Style>
    <Style id="icon-seq2-0-11-0288D1-nodesc-highlight">
      <IconStyle>
        <color>ffd18802</color>
        <scale>1</scale>
        <Icon>
          <href>images/icon-12.png</href>
        </Icon>
      </IconStyle>
      <LabelStyle>
        <scale>1</scale>
      </LabelStyle>
      <BalloonStyle>
        <text><![CDATA[<h3>$[name]</h3>]]></text>
      </BalloonStyle>
    </Style>
    <StyleMap id="icon-seq2-0-11-0288D1-nodesc">
      <Pair>
        <key>normal</key>
        <styleUrl>#icon-seq2-0-11-0288D1-nodesc-normal</styleUrl>
      </Pair>
      <Pair>
        <key>highlight</key>
        <styleUrl>#icon-seq2-0-11-0288D1-nodesc-highlight</styleUrl>
      </Pair>
    </StyleMap>
    <Style id="icon-seq2-0-12-0288D1-normal">
      <IconStyle>
        <color>ffd18802</color>
        <scale>1</scale>
        <Icon>
          <href>images/icon-13.png</href>
        </Icon>
      </IconStyle>
      <LabelStyle>
        <scale>0</scale>
      </LabelStyle>
    </Style>
    <Style id="icon-seq2-0-12-0288D1-highlight">
      <IconStyle>
        <color>ffd18802</color>
        <scale>1</scale>
        <Icon>
          <href>images/icon-13.png</href>
        </Icon>
      </IconStyle>
      <LabelStyle>
        <scale>1</scale>
      </LabelStyle>
    </Style>
    <StyleMap id="icon-seq2-0-12-0288D1">
      <Pair>
        <key>normal</key>
        <styleUrl>#icon-seq2-0-12-0288D1-normal</styleUrl>
      </Pair>
      <Pair>
        <key>highlight</key>
        <styleUrl>#icon-seq2-0-12-0288D1-highlight</styleUrl>
      </Pair>
    </StyleMap>
    <Style id="icon-seq2-0-13-0288D1-nodesc-normal">
      <IconStyle>
        <color>ffd18802</color>
        <scale>1</scale>
        <Icon>
          <href>images/icon-14.png</href>
        </Icon>
      </IconStyle>
      <LabelStyle>
        <scale>0</scale>
      </LabelStyle>
      <BalloonStyle>
        <text><![CDATA[<h3>$[name]</h3>]]></text>
      </BalloonStyle>
    </Style>
    <Style id="icon-seq2-0-13-0288D1-nodesc-highlight">
      <IconStyle>
        <color>ffd18802</color>
        <scale>1</scale>
        <Icon>
          <href>images/icon-14.png</href>
        </Icon>
      </IconStyle>
      <LabelStyle>
        <scale>1</scale>
      </LabelStyle>
      <BalloonStyle>
        <text><![CDATA[<h3>$[name]</h3>]]></text>
      </BalloonStyle>
    </Style>
    <StyleMap id="icon-seq2-0-13-0288D1-nodesc">
      <Pair>
        <key>normal</key>
        <styleUrl>#icon-seq2-0-13-0288D1-nodesc-normal</styleUrl>
      </Pair>
      <Pair>
        <key>highlight</key>
        <styleUrl>#icon-seq2-0-13-0288D1-nodesc-highlight</styleUrl>
      </Pair>
    </StyleMap>
    <Style id="icon-seq2-0-14-0288D1-nodesc-normal">
      <IconStyle>
        <color>ffd18802</color>
        <scale>1</scale>
        <Icon>
          <href>images/icon-15.png</href>
        </Icon>
      </IconStyle>
      <LabelStyle>
        <scale>0</scale>
      </LabelStyle>
      <BalloonStyle>
        <text><![CDATA[<h3>$[name]</h3>]]></text>
      </BalloonStyle>
    </Style>
    <Style id="icon-seq2-0-14-0288D1-nodesc-highlight">
      <IconStyle>
        <color>ffd18802</color>
        <scale>1</scale>
        <Icon>
          <href>images/icon-15.png</href>
        </Icon>
      </IconStyle>
      <LabelStyle>
        <scale>1</scale>
      </LabelStyle>
      <BalloonStyle>
        <text><![CDATA[<h3>$[name]</h3>]]></text>
      </BalloonStyle>
    </Style>
    <StyleMap id="icon-seq2-0-14-0288D1-nodesc">
      <Pair>
        <key>normal</key>
        <styleUrl>#icon-seq2-0-14-0288D1-nodesc-normal</styleUrl>
      </Pair>
      <Pair>
        <key>highlight</key>
        <styleUrl>#icon-seq2-0-14-0288D1-nodesc-highlight</styleUrl>
      </Pair>
    </StyleMap>
    <Style id="icon-seq2-0-15-0288D1-nodesc-normal">
      <IconStyle>
        <color>ffd18802</color>
        <scale>1</scale>
        <Icon>
          <href>images/icon-16.png</href>
        </Icon>
      </IconStyle>
      <LabelStyle>
        <scale>0</scale>
      </LabelStyle>
      <BalloonStyle>
        <text><![CDATA[<h3>$[name]</h3>]]></text>
      </BalloonStyle>
    </Style>
    <Style id="icon-seq2-0-15-0288D1-nodesc-highlight">
      <IconStyle>
        <color>ffd18802</color>
        <scale>1</scale>
        <Icon>
          <href>images/icon-16.png</href>
        </Icon>
      </IconStyle>
      <LabelStyle>
        <scale>1</scale>
      </LabelStyle>
      <BalloonStyle>
        <text><![CDATA[<h3>$[name]</h3>]]></text>
      </BalloonStyle>
    </Style>
    <StyleMap id="icon-seq2-0-15-0288D1-nodesc">
      <Pair>
        <key>normal</key>
        <styleUrl>#icon-seq2-0-15-0288D1-nodesc-normal</styleUrl>
      </Pair>
      <Pair>
        <key>highlight</key>
        <styleUrl>#icon-seq2-0-15-0288D1-nodesc-highlight</styleUrl>
      </Pair>
    </StyleMap>
    <Style id="icon-seq2-0-16-0288D1-nodesc-normal">
      <IconStyle>
        <color>ffd18802</color>
        <scale>1</scale>
        <Icon>
          <href>images/icon-17.png</href>
        </Icon>
      </IconStyle>
      <LabelStyle>
        <scale>0</scale>
      </LabelStyle>
      <BalloonStyle>
        <text><![CDATA[<h3>$[name]</h3>]]></text>
      </BalloonStyle>
    </Style>
    <Style id="icon-seq2-0-16-0288D1-nodesc-highlight">
      <IconStyle>
        <color>ffd18802</color>
        <scale>1</scale>
        <Icon>
          <href>images/icon-17.png</href>
        </Icon>
      </IconStyle>
      <LabelStyle>
        <scale>1</scale>
      </LabelStyle>
      <BalloonStyle>
        <text><![CDATA[<h3>$[name]</h3>]]></text>
      </BalloonStyle>
    </Style>
    <StyleMap id="icon-seq2-0-16-0288D1-nodesc">
      <Pair>
        <key>normal</key>
        <styleUrl>#icon-seq2-0-16-0288D1-nodesc-normal</styleUrl>
      </Pair>
      <Pair>
        <key>highlight</key>
        <styleUrl>#icon-seq2-0-16-0288D1-nodesc-highlight</styleUrl>
      </Pair>
    </StyleMap>
    <Style id="icon-seq2-0-17-0288D1-normal">
      <IconStyle>
        <color>ffd18802</color>
        <scale>1</scale>
        <Icon>
          <href>images/icon-18.png</href>
        </Icon>
      </IconStyle>
      <LabelStyle>
        <scale>0</scale>
      </LabelStyle>
    </Style>
    <Style id="icon-seq2-0-17-0288D1-highlight">
      <IconStyle>
        <color>ffd18802</color>
        <scale>1</scale>
        <Icon>
          <href>images/icon-18.png</href>
        </Icon>
      </IconStyle>
      <LabelStyle>
        <scale>1</scale>
      </LabelStyle>
    </Style>
    <StyleMap id="icon-seq2-0-17-0288D1">
      <Pair>
        <key>normal</key>
        <styleUrl>#icon-seq2-0-17-0288D1-normal</styleUrl>
      </Pair>
      <Pair>
        <key>highlight</key>
        <styleUrl>#icon-seq2-0-17-0288D1-highlight</styleUrl>
      </Pair>
    </StyleMap>
    <Style id="icon-seq2-0-18-0288D1-nodesc-normal">
      <IconStyle>
        <color>ffd18802</color>
        <scale>1</scale>
        <Icon>
          <href>images/icon-19.png</href>
        </Icon>
      </IconStyle>
      <LabelStyle>
        <scale>0</scale>
      </LabelStyle>
      <BalloonStyle>
        <text><![CDATA[<h3>$[name]</h3>]]></text>
      </BalloonStyle>
    </Style>
    <Style id="icon-seq2-0-18-0288D1-nodesc-highlight">
      <IconStyle>
        <color>ffd18802</color>
        <scale>1</scale>
        <Icon>
          <href>images/icon-19.png</href>
        </Icon>
      </IconStyle>
      <LabelStyle>
        <scale>1</scale>
      </LabelStyle>
      <BalloonStyle>
        <text><![CDATA[<h3>$[name]</h3>]]></text>
      </BalloonStyle>
    </Style>
    <StyleMap id="icon-seq2-0-18-0288D1-nodesc">
      <Pair>
        <key>normal</key>
        <styleUrl>#icon-seq2-0-18-0288D1-nodesc-normal</styleUrl>
      </Pair>
      <Pair>
        <key>highlight</key>
        <styleUrl>#icon-seq2-0-18-0288D1-nodesc-highlight</styleUrl>
      </Pair>
    </StyleMap>
    <Style id="icon-seq2-0-19-0288D1-nodesc-normal">
      <IconStyle>
        <color>ffd18802</color>
        <scale>1</scale>
        <Icon>
          <href>images/icon-20.png</href>
        </Icon>
      </IconStyle>
      <LabelStyle>
        <scale>0</scale>
      </LabelStyle>
      <BalloonStyle>
        <text><![CDATA[<h3>$[name]</h3>]]></text>
      </BalloonStyle>
    </Style>
    <Style id="icon-seq2-0-19-0288D1-nodesc-highlight">
      <IconStyle>
        <color>ffd18802</color>
        <scale>1</scale>
        <Icon>
          <href>images/icon-20.png</href>
        </Icon>
      </IconStyle>
      <LabelStyle>
        <scale>1</scale>
      </LabelStyle>
      <BalloonStyle>
        <text><![CDATA[<h3>$[name]</h3>]]></text>
      </BalloonStyle>
    </Style>
    <StyleMap id="icon-seq2-0-19-0288D1-nodesc">
      <Pair>
        <key>normal</key>
        <styleUrl>#icon-seq2-0-19-0288D1-nodesc-normal</styleUrl>
      </Pair>
      <Pair>
        <key>highlight</key>
        <styleUrl>#icon-seq2-0-19-0288D1-nodesc-highlight</styleUrl>
      </Pair>
    </StyleMap>
    <Style id="icon-seq2-0-2-0288D1-nodesc-normal">
      <IconStyle>
        <color>ffd18802</color>
        <scale>1</scale>
        <Icon>
          <href>images/icon-3.png</href>
        </Icon>
      </IconStyle>
      <LabelStyle>
        <scale>0</scale>
      </LabelStyle>
      <BalloonStyle>
        <text><![CDATA[<h3>$[name]</h3>]]></text>
      </BalloonStyle>
    </Style>
    <Style id="icon-seq2-0-2-0288D1-nodesc-highlight">
      <IconStyle>
        <color>ffd18802</color>
        <scale>1</scale>
        <Icon>
          <href>images/icon-3.png</href>
        </Icon>
      </IconStyle>
      <LabelStyle>
        <scale>1</scale>
      </LabelStyle>
      <BalloonStyle>
        <text><![CDATA[<h3>$[name]</h3>]]></text>
      </BalloonStyle>
    </Style>
    <StyleMap id="icon-seq2-0-2-0288D1-nodesc">
      <Pair>
        <key>normal</key>
        <styleUrl>#icon-seq2-0-2-0288D1-nodesc-normal</styleUrl>
      </Pair>
      <Pair>
        <key>highlight</key>
        <styleUrl>#icon-seq2-0-2-0288D1-nodesc-highlight</styleUrl>
      </Pair>
    </StyleMap>
    <Style id="icon-seq2-0-20-0288D1-nodesc-normal">
      <IconStyle>
        <color>ffd18802</color>
        <scale>1</scale>
        <Icon>
          <href>images/icon-21.png</href>
        </Icon>
      </IconStyle>
      <LabelStyle>
        <scale>0</scale>
      </LabelStyle>
      <BalloonStyle>
        <text><![CDATA[<h3>$[name]</h3>]]></text>
      </BalloonStyle>
    </Style>
    <Style id="icon-seq2-0-20-0288D1-nodesc-highlight">
      <IconStyle>
        <color>ffd18802</color>
        <scale>1</scale>
        <Icon>
          <href>images/icon-21.png</href>
        </Icon>
      </IconStyle>
      <LabelStyle>
        <scale>1</scale>
      </LabelStyle>
      <BalloonStyle>
        <text><![CDATA[<h3>$[name]</h3>]]></text>
      </BalloonStyle>
    </Style>
    <StyleMap id="icon-seq2-0-20-0288D1-nodesc">
      <Pair>
        <key>normal</key>
        <styleUrl>#icon-seq2-0-20-0288D1-nodesc-normal</styleUrl>
      </Pair>
      <Pair>
        <key>highlight</key>
        <styleUrl>#icon-seq2-0-20-0288D1-nodesc-highlight</styleUrl>
      </Pair>
    </StyleMap>
    <Style id="icon-seq2-0-21-0288D1-nodesc-normal">
      <IconStyle>
        <color>ffd18802</color>
        <scale>1</scale>
        <Icon>
          <href>images/icon-22.png</href>
        </Icon>
      </IconStyle>
      <LabelStyle>
        <scale>0</scale>
      </LabelStyle>
      <BalloonStyle>
        <text><![CDATA[<h3>$[name]</h3>]]></text>
      </BalloonStyle>
    </Style>
    <Style id="icon-seq2-0-21-0288D1-nodesc-highlight">
      <IconStyle>
        <color>ffd18802</color>
        <scale>1</scale>
        <Icon>
          <href>images/icon-22.png</href>
        </Icon>
      </IconStyle>
      <LabelStyle>
        <scale>1</scale>
      </LabelStyle>
      <BalloonStyle>
        <text><![CDATA[<h3>$[name]</h3>]]></text>
      </BalloonStyle>
    </Style>
    <StyleMap id="icon-seq2-0-21-0288D1-nodesc">
      <Pair>
        <key>normal</key>
        <styleUrl>#icon-seq2-0-21-0288D1-nodesc-normal</styleUrl>
      </Pair>
      <Pair>
        <key>highlight</key>
        <styleUrl>#icon-seq2-0-21-0288D1-nodesc-highlight</styleUrl>
      </Pair>
    </StyleMap>
    <Style id="icon-seq2-0-22-0288D1-nodesc-normal">
      <IconStyle>
        <color>ffd18802</color>
        <scale>1</scale>
        <Icon>
          <href>images/icon-23.png</href>
        </Icon>
      </IconStyle>
      <LabelStyle>
        <scale>0</scale>
      </LabelStyle>
      <BalloonStyle>
        <text><![CDATA[<h3>$[name]</h3>]]></text>
      </BalloonStyle>
    </Style>
    <Style id="icon-seq2-0-22-0288D1-nodesc-highlight">
      <IconStyle>
        <color>ffd18802</color>
        <scale>1</scale>
        <Icon>
          <href>images/icon-23.png</href>
        </Icon>
      </IconStyle>
      <LabelStyle>
        <scale>1</scale>
      </LabelStyle>
      <BalloonStyle>
        <text><![CDATA[<h3>$[name]</h3>]]></text>
      </BalloonStyle>
    </Style>
    <StyleMap id="icon-seq2-0-22-0288D1-nodesc">
      <Pair>
        <key>normal</key>
        <styleUrl>#icon-seq2-0-22-0288D1-nodesc-normal</styleUrl>
      </Pair>
      <Pair>
        <key>highlight</key>
        <styleUrl>#icon-seq2-0-22-0288D1-nodesc-highlight</styleUrl>
      </Pair>
    </StyleMap>
    <Style id="icon-seq2-0-23-0288D1-nodesc-normal">
      <IconStyle>
        <color>ffd18802</color>
        <scale>1</scale>
        <Icon>
          <href>images/icon-24.png</href>
        </Icon>
      </IconStyle>
      <LabelStyle>
        <scale>0</scale>
      </LabelStyle>
      <BalloonStyle>
        <text><![CDATA[<h3>$[name]</h3>]]></text>
      </BalloonStyle>
    </Style>
    <Style id="icon-seq2-0-23-0288D1-nodesc-highlight">
      <IconStyle>
        <color>ffd18802</color>
        <scale>1</scale>
        <Icon>
          <href>images/icon-24.png</href>
        </Icon>
      </IconStyle>
      <LabelStyle>
        <scale>1</scale>
      </LabelStyle>
      <BalloonStyle>
        <text><![CDATA[<h3>$[name]</h3>]]></text>
      </BalloonStyle>
    </Style>
    <StyleMap id="icon-seq2-0-23-0288D1-nodesc">
      <Pair>
        <key>normal</key>
        <styleUrl>#icon-seq2-0-23-0288D1-nodesc-normal</styleUrl>
      </Pair>
      <Pair>
        <key>highlight</key>
        <styleUrl>#icon-seq2-0-23-0288D1-nodesc-highlight</styleUrl>
      </Pair>
    </StyleMap>
    <Style id="icon-seq2-0-3-0288D1-nodesc-normal">
      <IconStyle>
        <color>ffd18802</color>
        <scale>1</scale>
        <Icon>
          <href>images/icon-4.png</href>
        </Icon>
      </IconStyle>
      <LabelStyle>
        <scale>0</scale>
      </LabelStyle>
      <BalloonStyle>
        <text><![CDATA[<h3>$[name]</h3>]]></text>
      </BalloonStyle>
    </Style>
    <Style id="icon-seq2-0-3-0288D1-nodesc-highlight">
      <IconStyle>
        <color>ffd18802</color>
        <scale>1</scale>
        <Icon>
          <href>images/icon-4.png</href>
        </Icon>
      </IconStyle>
      <LabelStyle>
        <scale>1</scale>
      </LabelStyle>
      <BalloonStyle>
        <text><![CDATA[<h3>$[name]</h3>]]></text>
      </BalloonStyle>
    </Style>
    <StyleMap id="icon-seq2-0-3-0288D1-nodesc">
      <Pair>
        <key>normal</key>
        <styleUrl>#icon-seq2-0-3-0288D1-nodesc-normal</styleUrl>
      </Pair>
      <Pair>
        <key>highlight</key>
        <styleUrl>#icon-seq2-0-3-0288D1-nodesc-highlight</styleUrl>
      </Pair>
    </StyleMap>
    <Style id="icon-seq2-0-4-0288D1-nodesc-normal">
      <IconStyle>
        <color>ffd18802</color>
        <scale>1</scale>
        <Icon>
          <href>images/icon-5.png</href>
        </Icon>
      </IconStyle>
      <LabelStyle>
        <scale>0</scale>
      </LabelStyle>
      <BalloonStyle>
        <text><![CDATA[<h3>$[name]</h3>]]></text>
      </BalloonStyle>
    </Style>
    <Style id="icon-seq2-0-4-0288D1-nodesc-highlight">
      <IconStyle>
        <color>ffd18802</color>
        <scale>1</scale>
        <Icon>
          <href>images/icon-5.png</href>
        </Icon>
      </IconStyle>
      <LabelStyle>
        <scale>1</scale>
      </LabelStyle>
      <BalloonStyle>
        <text><![CDATA[<h3>$[name]</h3>]]></text>
      </BalloonStyle>
    </Style>
    <StyleMap id="icon-seq2-0-4-0288D1-nodesc">
      <Pair>
        <key>normal</key>
        <styleUrl>#icon-seq2-0-4-0288D1-nodesc-normal</styleUrl>
      </Pair>
      <Pair>
        <key>highlight</key>
        <styleUrl>#icon-seq2-0-4-0288D1-nodesc-highlight</styleUrl>
      </Pair>
    </StyleMap>
    <Style id="icon-seq2-0-5-0288D1-nodesc-normal">
      <IconStyle>
        <color>ffd18802</color>
        <scale>1</scale>
        <Icon>
          <href>images/icon-6.png</href>
        </Icon>
      </IconStyle>
      <LabelStyle>
        <scale>0</scale>
      </LabelStyle>
      <BalloonStyle>
        <text><![CDATA[<h3>$[name]</h3>]]></text>
      </BalloonStyle>
    </Style>
    <Style id="icon-seq2-0-5-0288D1-nodesc-highlight">
      <IconStyle>
        <color>ffd18802</color>
        <scale>1</scale>
        <Icon>
          <href>images/icon-6.png</href>
        </Icon>
      </IconStyle>
      <LabelStyle>
        <scale>1</scale>
      </LabelStyle>
      <BalloonStyle>
        <text><![CDATA[<h3>$[name]</h3>]]></text>
      </BalloonStyle>
    </Style>
    <StyleMap id="icon-seq2-0-5-0288D1-nodesc">
      <Pair>
        <key>normal</key>
        <styleUrl>#icon-seq2-0-5-0288D1-nodesc-normal</styleUrl>
      </Pair>
      <Pair>
        <key>highlight</key>
        <styleUrl>#icon-seq2-0-5-0288D1-nodesc-highlight</styleUrl>
      </Pair>
    </StyleMap>
    <Style id="icon-seq2-0-6-0288D1-nodesc-normal">
      <IconStyle>
        <color>ffd18802</color>
        <scale>1</scale>
        <Icon>
          <href>images/icon-7.png</href>
        </Icon>
      </IconStyle>
      <LabelStyle>
        <scale>0</scale>
      </LabelStyle>
      <BalloonStyle>
        <text><![CDATA[<h3>$[name]</h3>]]></text>
      </BalloonStyle>
    </Style>
    <Style id="icon-seq2-0-6-0288D1-nodesc-highlight">
      <IconStyle>
        <color>ffd18802</color>
        <scale>1</scale>
        <Icon>
          <href>images/icon-7.png</href>
        </Icon>
      </IconStyle>
      <LabelStyle>
        <scale>1</scale>
      </LabelStyle>
      <BalloonStyle>
        <text><![CDATA[<h3>$[name]</h3>]]></text>
      </BalloonStyle>
    </Style>
    <StyleMap id="icon-seq2-0-6-0288D1-nodesc">
      <Pair>
        <key>normal</key>
        <styleUrl>#icon-seq2-0-6-0288D1-nodesc-normal</styleUrl>
      </Pair>
      <Pair>
        <key>highlight</key>
        <styleUrl>#icon-seq2-0-6-0288D1-nodesc-highlight</styleUrl>
      </Pair>
    </StyleMap>
    <Style id="icon-seq2-0-7-0288D1-nodesc-normal">
      <IconStyle>
        <color>ffd18802</color>
        <scale>1</scale>
        <Icon>
          <href>images/icon-8.png</href>
        </Icon>
      </IconStyle>
      <LabelStyle>
        <scale>0</scale>
      </LabelStyle>
      <BalloonStyle>
        <text><![CDATA[<h3>$[name]</h3>]]></text>
      </BalloonStyle>
    </Style>
    <Style id="icon-seq2-0-7-0288D1-nodesc-highlight">
      <IconStyle>
        <color>ffd18802</color>
        <scale>1</scale>
        <Icon>
          <href>images/icon-8.png</href>
        </Icon>
      </IconStyle>
      <LabelStyle>
        <scale>1</scale>
      </LabelStyle>
      <BalloonStyle>
        <text><![CDATA[<h3>$[name]</h3>]]></text>
      </BalloonStyle>
    </Style>
    <StyleMap id="icon-seq2-0-7-0288D1-nodesc">
      <Pair>
        <key>normal</key>
        <styleUrl>#icon-seq2-0-7-0288D1-nodesc-normal</styleUrl>
      </Pair>
      <Pair>
        <key>highlight</key>
        <styleUrl>#icon-seq2-0-7-0288D1-nodesc-highlight</styleUrl>
      </Pair>
    </StyleMap>
    <Style id="icon-seq2-0-8-0288D1-nodesc-normal">
      <IconStyle>
        <color>ffd18802</color>
        <scale>1</scale>
        <Icon>
          <href>images/icon-9.png</href>
        </Icon>
      </IconStyle>
      <LabelStyle>
        <scale>0</scale>
      </LabelStyle>
      <BalloonStyle>
        <text><![CDATA[<h3>$[name]</h3>]]></text>
      </BalloonStyle>
    </Style>
    <Style id="icon-seq2-0-8-0288D1-nodesc-highlight">
      <IconStyle>
        <color>ffd18802</color>
        <scale>1</scale>
        <Icon>
          <href>images/icon-9.png</href>
        </Icon>
      </IconStyle>
      <LabelStyle>
        <scale>1</scale>
      </LabelStyle>
      <BalloonStyle>
        <text><![CDATA[<h3>$[name]</h3>]]></text>
      </BalloonStyle>
    </Style>
    <StyleMap id="icon-seq2-0-8-0288D1-nodesc">
      <Pair>
        <key>normal</key>
        <styleUrl>#icon-seq2-0-8-0288D1-nodesc-normal</styleUrl>
      </Pair>
      <Pair>
        <key>highlight</key>
        <styleUrl>#icon-seq2-0-8-0288D1-nodesc-highlight</styleUrl>
      </Pair>
    </StyleMap>
    <Style id="icon-seq2-0-9-0288D1-nodesc-normal">
      <IconStyle>
        <color>ffd18802</color>
        <scale>1</scale>
        <Icon>
          <href>images/icon-10.png</href>
        </Icon>
      </IconStyle>
      <LabelStyle>
        <scale>0</scale>
      </LabelStyle>
      <BalloonStyle>
        <text><![CDATA[<h3>$[name]</h3>]]></text>
      </BalloonStyle>
    </Style>
    <Style id="icon-seq2-0-9-0288D1-nodesc-highlight">
      <IconStyle>
        <color>ffd18802</color>
        <scale>1</scale>
        <Icon>
          <href>images/icon-10.png</href>
        </Icon>
      </IconStyle>
      <LabelStyle>
        <scale>1</scale>
      </LabelStyle>
      <BalloonStyle>
        <text><![CDATA[<h3>$[name]</h3>]]></text>
      </BalloonStyle>
    </Style>
    <StyleMap id="icon-seq2-0-9-0288D1-nodesc">
      <Pair>
        <key>normal</key>
        <styleUrl>#icon-seq2-0-9-0288D1-nodesc-normal</styleUrl>
      </Pair>
      <Pair>
        <key>highlight</key>
        <styleUrl>#icon-seq2-0-9-0288D1-nodesc-highlight</styleUrl>
      </Pair>
    </StyleMap>
    <Style id="icon-seq2-1-0-AFB42B-nodesc-normal">
      <IconStyle>
        <color>ff2bb4af</color>
        <scale>1</scale>
        <Icon>
          <href>images/icon-25.png</href>
        </Icon>
      </IconStyle>
      <LabelStyle>
        <scale>0</scale>
      </LabelStyle>
      <BalloonStyle>
        <text><![CDATA[<h3>$[name]</h3>]]></text>
      </BalloonStyle>
    </Style>
    <Style id="icon-seq2-1-0-AFB42B-nodesc-highlight">
      <IconStyle>
        <color>ff2bb4af</color>
        <scale>1</scale>
        <Icon>
          <href>images/icon-25.png</href>
        </Icon>
      </IconStyle>
      <LabelStyle>
        <scale>1</scale>
      </LabelStyle>
      <BalloonStyle>
        <text><![CDATA[<h3>$[name]</h3>]]></text>
      </BalloonStyle>
    </Style>
    <StyleMap id="icon-seq2-1-0-AFB42B-nodesc">
      <Pair>
        <key>normal</key>
        <styleUrl>#icon-seq2-1-0-AFB42B-nodesc-normal</styleUrl>
      </Pair>
      <Pair>
        <key>highlight</key>
        <styleUrl>#icon-seq2-1-0-AFB42B-nodesc-highlight</styleUrl>
      </Pair>
    </StyleMap>
    <Style id="icon-seq2-1-1-AFB42B-normal">
      <IconStyle>
        <color>ff2bb4af</color>
        <scale>1</scale>
        <Icon>
          <href>images/icon-26.png</href>
        </Icon>
      </IconStyle>
      <LabelStyle>
        <scale>0</scale>
      </LabelStyle>
    </Style>
    <Style id="icon-seq2-1-1-AFB42B-highlight">
      <IconStyle>
        <color>ff2bb4af</color>
        <scale>1</scale>
        <Icon>
          <href>images/icon-26.png</href>
        </Icon>
      </IconStyle>
      <LabelStyle>
        <scale>1</scale>
      </LabelStyle>
    </Style>
    <StyleMap id="icon-seq2-1-1-AFB42B">
      <Pair>
        <key>normal</key>
        <styleUrl>#icon-seq2-1-1-AFB42B-normal</styleUrl>
      </Pair>
      <Pair>
        <key>highlight</key>
        <styleUrl>#icon-seq2-1-1-AFB42B-highlight</styleUrl>
      </Pair>
    </StyleMap>
    <Style id="icon-seq2-1-10-AFB42B-nodesc-normal">
      <IconStyle>
        <color>ff2bb4af</color>
        <scale>1</scale>
        <Icon>
          <href>images/icon-35.png</href>
        </Icon>
      </IconStyle>
      <LabelStyle>
        <scale>0</scale>
      </LabelStyle>
      <BalloonStyle>
        <text><![CDATA[<h3>$[name]</h3>]]></text>
      </BalloonStyle>
    </Style>
    <Style id="icon-seq2-1-10-AFB42B-nodesc-highlight">
      <IconStyle>
        <color>ff2bb4af</color>
        <scale>1</scale>
        <Icon>
          <href>images/icon-35.png</href>
        </Icon>
      </IconStyle>
      <LabelStyle>
        <scale>1</scale>
      </LabelStyle>
      <BalloonStyle>
        <text><![CDATA[<h3>$[name]</h3>]]></text>
      </BalloonStyle>
    </Style>
    <StyleMap id="icon-seq2-1-10-AFB42B-nodesc">
      <Pair>
        <key>normal</key>
        <styleUrl>#icon-seq2-1-10-AFB42B-nodesc-normal</styleUrl>
      </Pair>
      <Pair>
        <key>highlight</key>
        <styleUrl>#icon-seq2-1-10-AFB42B-nodesc-highlight</styleUrl>
      </Pair>
    </StyleMap>
    <Style id="icon-seq2-1-11-AFB42B-nodesc-normal">
      <IconStyle>
        <color>ff2bb4af</color>
        <scale>1</scale>
        <Icon>
          <href>images/icon-36.png</href>
        </Icon>
      </IconStyle>
      <LabelStyle>
        <scale>0</scale>
      </LabelStyle>
      <BalloonStyle>
        <text><![CDATA[<h3>$[name]</h3>]]></text>
      </BalloonStyle>
    </Style>
    <Style id="icon-seq2-1-11-AFB42B-nodesc-highlight">
      <IconStyle>
        <color>ff2bb4af</color>
        <scale>1</scale>
        <Icon>
          <href>images/icon-36.png</href>
        </Icon>
      </IconStyle>
      <LabelStyle>
        <scale>1</scale>
      </LabelStyle>
      <BalloonStyle>
        <text><![CDATA[<h3>$[name]</h3>]]></text>
      </BalloonStyle>
    </Style>
    <StyleMap id="icon-seq2-1-11-AFB42B-nodesc">
      <Pair>
        <key>normal</key>
        <styleUrl>#icon-seq2-1-11-AFB42B-nodesc-normal</styleUrl>
      </Pair>
      <Pair>
        <key>highlight</key>
        <styleUrl>#icon-seq2-1-11-AFB42B-nodesc-highlight</styleUrl>
      </Pair>
    </StyleMap>
    <Style id="icon-seq2-1-2-AFB42B-nodesc-normal">
      <IconStyle>
        <color>ff2bb4af</color>
        <scale>1</scale>
        <Icon>
          <href>images/icon-27.png</href>
        </Icon>
      </IconStyle>
      <LabelStyle>
        <scale>0</scale>
      </LabelStyle>
      <BalloonStyle>
        <text><![CDATA[<h3>$[name]</h3>]]></text>
      </BalloonStyle>
    </Style>
    <Style id="icon-seq2-1-2-AFB42B-nodesc-highlight">
      <IconStyle>
        <color>ff2bb4af</color>
        <scale>1</scale>
        <Icon>
          <href>images/icon-27.png</href>
        </Icon>
      </IconStyle>
      <LabelStyle>
        <scale>1</scale>
      </LabelStyle>
      <BalloonStyle>
        <text><![CDATA[<h3>$[name]</h3>]]></text>
      </BalloonStyle>
    </Style>
    <StyleMap id="icon-seq2-1-2-AFB42B-nodesc">
      <Pair>
        <key>normal</key>
        <styleUrl>#icon-seq2-1-2-AFB42B-nodesc-normal</styleUrl>
      </Pair>
      <Pair>
        <key>highlight</key>
        <styleUrl>#icon-seq2-1-2-AFB42B-nodesc-highlight</styleUrl>
      </Pair>
    </StyleMap>
    <Style id="icon-seq2-1-3-AFB42B-nodesc-normal">
      <IconStyle>
        <color>ff2bb4af</color>
        <scale>1</scale>
        <Icon>
          <href>images/icon-28.png</href>
        </Icon>
      </IconStyle>
      <LabelStyle>
        <scale>0</scale>
      </LabelStyle>
      <BalloonStyle>
        <text><![CDATA[<h3>$[name]</h3>]]></text>
      </BalloonStyle>
    </Style>
    <Style id="icon-seq2-1-3-AFB42B-nodesc-highlight">
      <IconStyle>
        <color>ff2bb4af</color>
        <scale>1</scale>
        <Icon>
          <href>images/icon-28.png</href>
        </Icon>
      </IconStyle>
      <LabelStyle>
        <scale>1</scale>
      </LabelStyle>
      <BalloonStyle>
        <text><![CDATA[<h3>$[name]</h3>]]></text>
      </BalloonStyle>
    </Style>
    <StyleMap id="icon-seq2-1-3-AFB42B-nodesc">
      <Pair>
        <key>normal</key>
        <styleUrl>#icon-seq2-1-3-AFB42B-nodesc-normal</styleUrl>
      </Pair>
      <Pair>
        <key>highlight</key>
        <styleUrl>#icon-seq2-1-3-AFB42B-nodesc-highlight</styleUrl>
      </Pair>
    </StyleMap>
    <Style id="icon-seq2-1-4-AFB42B-normal">
      <IconStyle>
        <color>ff2bb4af</color>
        <scale>1</scale>
        <Icon>
          <href>images/icon-29.png</href>
        </Icon>
      </IconStyle>
      <LabelStyle>
        <scale>0</scale>
      </LabelStyle>
    </Style>
    <Style id="icon-seq2-1-4-AFB42B-highlight">
      <IconStyle>
        <color>ff2bb4af</color>
        <scale>1</scale>
        <Icon>
          <href>images/icon-29.png</href>
        </Icon>
      </IconStyle>
      <LabelStyle>
        <scale>1</scale>
      </LabelStyle>
    </Style>
    <StyleMap id="icon-seq2-1-4-AFB42B">
      <Pair>
        <key>normal</key>
        <styleUrl>#icon-seq2-1-4-AFB42B-normal</styleUrl>
      </Pair>
      <Pair>
        <key>highlight</key>
        <styleUrl>#icon-seq2-1-4-AFB42B-highlight</styleUrl>
      </Pair>
    </StyleMap>
    <Style id="icon-seq2-1-5-AFB42B-nodesc-normal">
      <IconStyle>
        <color>ff2bb4af</color>
        <scale>1</scale>
        <Icon>
          <href>images/icon-30.png</href>
        </Icon>
      </IconStyle>
      <LabelStyle>
        <scale>0</scale>
      </LabelStyle>
      <BalloonStyle>
        <text><![CDATA[<h3>$[name]</h3>]]></text>
      </BalloonStyle>
    </Style>
    <Style id="icon-seq2-1-5-AFB42B-nodesc-highlight">
      <IconStyle>
        <color>ff2bb4af</color>
        <scale>1</scale>
        <Icon>
          <href>images/icon-30.png</href>
        </Icon>
      </IconStyle>
      <LabelStyle>
        <scale>1</scale>
      </LabelStyle>
      <BalloonStyle>
        <text><![CDATA[<h3>$[name]</h3>]]></text>
      </BalloonStyle>
    </Style>
    <StyleMap id="icon-seq2-1-5-AFB42B-nodesc">
      <Pair>
        <key>normal</key>
        <styleUrl>#icon-seq2-1-5-AFB42B-nodesc-normal</styleUrl>
      </Pair>
      <Pair>
        <key>highlight</key>
        <styleUrl>#icon-seq2-1-5-AFB42B-nodesc-highlight</styleUrl>
      </Pair>
    </StyleMap>
    <Style id="icon-seq2-1-6-AFB42B-nodesc-normal">
      <IconStyle>
        <color>ff2bb4af</color>
        <scale>1</scale>
        <Icon>
          <href>images/icon-31.png</href>
        </Icon>
      </IconStyle>
      <LabelStyle>
        <scale>0</scale>
      </LabelStyle>
      <BalloonStyle>
        <text><![CDATA[<h3>$[name]</h3>]]></text>
      </BalloonStyle>
    </Style>
    <Style id="icon-seq2-1-6-AFB42B-nodesc-highlight">
      <IconStyle>
        <color>ff2bb4af</color>
        <scale>1</scale>
        <Icon>
          <href>images/icon-31.png</href>
        </Icon>
      </IconStyle>
      <LabelStyle>
        <scale>1</scale>
      </LabelStyle>
      <BalloonStyle>
        <text><![CDATA[<h3>$[name]</h3>]]></text>
      </BalloonStyle>
    </Style>
    <StyleMap id="icon-seq2-1-6-AFB42B-nodesc">
      <Pair>
        <key>normal</key>
        <styleUrl>#icon-seq2-1-6-AFB42B-nodesc-normal</styleUrl>
      </Pair>
      <Pair>
        <key>highlight</key>
        <styleUrl>#icon-seq2-1-6-AFB42B-nodesc-highlight</styleUrl>
      </Pair>
    </StyleMap>
    <Style id="icon-seq2-1-7-AFB42B-nodesc-normal">
      <IconStyle>
        <color>ff2bb4af</color>
        <scale>1</scale>
        <Icon>
          <href>images/icon-32.png</href>
        </Icon>
      </IconStyle>
      <LabelStyle>
        <scale>0</scale>
      </LabelStyle>
      <BalloonStyle>
        <text><![CDATA[<h3>$[name]</h3>]]></text>
      </BalloonStyle>
    </Style>
    <Style id="icon-seq2-1-7-AFB42B-nodesc-highlight">
      <IconStyle>
        <color>ff2bb4af</color>
        <scale>1</scale>
        <Icon>
          <href>images/icon-32.png</href>
        </Icon>
      </IconStyle>
      <LabelStyle>
        <scale>1</scale>
      </LabelStyle>
      <BalloonStyle>
        <text><![CDATA[<h3>$[name]</h3>]]></text>
      </BalloonStyle>
    </Style>
    <StyleMap id="icon-seq2-1-7-AFB42B-nodesc">
      <Pair>
        <key>normal</key>
        <styleUrl>#icon-seq2-1-7-AFB42B-nodesc-normal</styleUrl>
      </Pair>
      <Pair>
        <key>highlight</key>
        <styleUrl>#icon-seq2-1-7-AFB42B-nodesc-highlight</styleUrl>
      </Pair>
    </StyleMap>
    <Style id="icon-seq2-1-8-AFB42B-nodesc-normal">
      <IconStyle>
        <color>ff2bb4af</color>
        <scale>1</scale>
        <Icon>
          <href>images/icon-33.png</href>
        </Icon>
      </IconStyle>
      <LabelStyle>
        <scale>0</scale>
      </LabelStyle>
      <BalloonStyle>
        <text><![CDATA[<h3>$[name]</h3>]]></text>
      </BalloonStyle>
    </Style>
    <Style id="icon-seq2-1-8-AFB42B-nodesc-highlight">
      <IconStyle>
        <color>ff2bb4af</color>
        <scale>1</scale>
        <Icon>
          <href>images/icon-33.png</href>
        </Icon>
      </IconStyle>
      <LabelStyle>
        <scale>1</scale>
      </LabelStyle>
      <BalloonStyle>
        <text><![CDATA[<h3>$[name]</h3>]]></text>
      </BalloonStyle>
    </Style>
    <StyleMap id="icon-seq2-1-8-AFB42B-nodesc">
      <Pair>
        <key>normal</key>
        <styleUrl>#icon-seq2-1-8-AFB42B-nodesc-normal</styleUrl>
      </Pair>
      <Pair>
        <key>highlight</key>
        <styleUrl>#icon-seq2-1-8-AFB42B-nodesc-highlight</styleUrl>
      </Pair>
    </StyleMap>
    <Style id="icon-seq2-1-9-AFB42B-nodesc-normal">
      <IconStyle>
        <color>ff2bb4af</color>
        <scale>1</scale>
        <Icon>
          <href>images/icon-34.png</href>
        </Icon>
      </IconStyle>
      <LabelStyle>
        <scale>0</scale>
      </LabelStyle>
      <BalloonStyle>
        <text><![CDATA[<h3>$[name]</h3>]]></text>
      </BalloonStyle>
    </Style>
    <Style id="icon-seq2-1-9-AFB42B-nodesc-highlight">
      <IconStyle>
        <color>ff2bb4af</color>
        <scale>1</scale>
        <Icon>
          <href>images/icon-34.png</href>
        </Icon>
      </IconStyle>
      <LabelStyle>
        <scale>1</scale>
      </LabelStyle>
      <BalloonStyle>
        <text><![CDATA[<h3>$[name]</h3>]]></text>
      </BalloonStyle>
    </Style>
    <StyleMap id="icon-seq2-1-9-AFB42B-nodesc">
      <Pair>
        <key>normal</key>
        <styleUrl>#icon-seq2-1-9-AFB42B-nodesc-normal</styleUrl>
      </Pair>
      <Pair>
        <key>highlight</key>
        <styleUrl>#icon-seq2-1-9-AFB42B-nodesc-highlight</styleUrl>
      </Pair>
    </StyleMap>
    <Style id="icon-seq2-2-0-673AB7-nodesc-normal">
      <IconStyle>
        <color>ffb73a67</color>
        <scale>1</scale>
        <Icon>
          <href>images/icon-37.png</href>
        </Icon>
      </IconStyle>
      <LabelStyle>
        <scale>0</scale>
      </LabelStyle>
      <BalloonStyle>
        <text><![CDATA[<h3>$[name]</h3>]]></text>
      </BalloonStyle>
    </Style>
    <Style id="icon-seq2-2-0-673AB7-nodesc-highlight">
      <IconStyle>
        <color>ffb73a67</color>
        <scale>1</scale>
        <Icon>
          <href>images/icon-37.png</href>
        </Icon>
      </IconStyle>
      <LabelStyle>
        <scale>1</scale>
      </LabelStyle>
      <BalloonStyle>
        <text><![CDATA[<h3>$[name]</h3>]]></text>
      </BalloonStyle>
    </Style>
    <StyleMap id="icon-seq2-2-0-673AB7-nodesc">
      <Pair>
        <key>normal</key>
        <styleUrl>#icon-seq2-2-0-673AB7-nodesc-normal</styleUrl>
      </Pair>
      <Pair>
        <key>highlight</key>
        <styleUrl>#icon-seq2-2-0-673AB7-nodesc-highlight</styleUrl>
      </Pair>
    </StyleMap>
    <Style id="icon-seq2-2-1-673AB7-nodesc-normal">
      <IconStyle>
        <color>ffb73a67</color>
        <scale>1</scale>
        <Icon>
          <href>images/icon-38.png</href>
        </Icon>
      </IconStyle>
      <LabelStyle>
        <scale>0</scale>
      </LabelStyle>
      <BalloonStyle>
        <text><![CDATA[<h3>$[name]</h3>]]></text>
      </BalloonStyle>
    </Style>
    <Style id="icon-seq2-2-1-673AB7-nodesc-highlight">
      <IconStyle>
        <color>ffb73a67</color>
        <scale>1</scale>
        <Icon>
          <href>images/icon-38.png</href>
        </Icon>
      </IconStyle>
      <LabelStyle>
        <scale>1</scale>
      </LabelStyle>
      <BalloonStyle>
        <text><![CDATA[<h3>$[name]</h3>]]></text>
      </BalloonStyle>
    </Style>
    <StyleMap id="icon-seq2-2-1-673AB7-nodesc">
      <Pair>
        <key>normal</key>
        <styleUrl>#icon-seq2-2-1-673AB7-nodesc-normal</styleUrl>
      </Pair>
      <Pair>
        <key>highlight</key>
        <styleUrl>#icon-seq2-2-1-673AB7-nodesc-highlight</styleUrl>
      </Pair>
    </StyleMap>
    <Style id="icon-seq2-2-10-673AB7-nodesc-normal">
      <IconStyle>
        <color>ffb73a67</color>
        <scale>1</scale>
        <Icon>
          <href>images/icon-47.png</href>
        </Icon>
      </IconStyle>
      <LabelStyle>
        <scale>0</scale>
      </LabelStyle>
      <BalloonStyle>
        <text><![CDATA[<h3>$[name]</h3>]]></text>
      </BalloonStyle>
    </Style>
    <Style id="icon-seq2-2-10-673AB7-nodesc-highlight">
      <IconStyle>
        <color>ffb73a67</color>
        <scale>1</scale>
        <Icon>
          <href>images/icon-47.png</href>
        </Icon>
      </IconStyle>
      <LabelStyle>
        <scale>1</scale>
      </LabelStyle>
      <BalloonStyle>
        <text><![CDATA[<h3>$[name]</h3>]]></text>
      </BalloonStyle>
    </Style>
    <StyleMap id="icon-seq2-2-10-673AB7-nodesc">
      <Pair>
        <key>normal</key>
        <styleUrl>#icon-seq2-2-10-673AB7-nodesc-normal</styleUrl>
      </Pair>
      <Pair>
        <key>highlight</key>
        <styleUrl>#icon-seq2-2-10-673AB7-nodesc-highlight</styleUrl>
      </Pair>
    </StyleMap>
    <Style id="icon-seq2-2-11-673AB7-nodesc-normal">
      <IconStyle>
        <color>ffb73a67</color>
        <scale>1</scale>
        <Icon>
          <href>images/icon-48.png</href>
        </Icon>
      </IconStyle>
      <LabelStyle>
        <scale>0</scale>
      </LabelStyle>
      <BalloonStyle>
        <text><![CDATA[<h3>$[name]</h3>]]></text>
      </BalloonStyle>
    </Style>
    <Style id="icon-seq2-2-11-673AB7-nodesc-highlight">
      <IconStyle>
        <color>ffb73a67</color>
        <scale>1</scale>
        <Icon>
          <href>images/icon-48.png</href>
        </Icon>
      </IconStyle>
      <LabelStyle>
        <scale>1</scale>
      </LabelStyle>
      <BalloonStyle>
        <text><![CDATA[<h3>$[name]</h3>]]></text>
      </BalloonStyle>
    </Style>
    <StyleMap id="icon-seq2-2-11-673AB7-nodesc">
      <Pair>
        <key>normal</key>
        <styleUrl>#icon-seq2-2-11-673AB7-nodesc-normal</styleUrl>
      </Pair>
      <Pair>
        <key>highlight</key>
        <styleUrl>#icon-seq2-2-11-673AB7-nodesc-highlight</styleUrl>
      </Pair>
    </StyleMap>
    <Style id="icon-seq2-2-12-673AB7-nodesc-normal">
      <IconStyle>
        <color>ffb73a67</color>
        <scale>1</scale>
        <Icon>
          <href>images/icon-49.png</href>
        </Icon>
      </IconStyle>
      <LabelStyle>
        <scale>0</scale>
      </LabelStyle>
      <BalloonStyle>
        <text><![CDATA[<h3>$[name]</h3>]]></text>
      </BalloonStyle>
    </Style>
    <Style id="icon-seq2-2-12-673AB7-nodesc-highlight">
      <IconStyle>
        <color>ffb73a67</color>
        <scale>1</scale>
        <Icon>
          <href>images/icon-49.png</href>
        </Icon>
      </IconStyle>
      <LabelStyle>
        <scale>1</scale>
      </LabelStyle>
      <BalloonStyle>
        <text><![CDATA[<h3>$[name]</h3>]]></text>
      </BalloonStyle>
    </Style>
    <StyleMap id="icon-seq2-2-12-673AB7-nodesc">
      <Pair>
        <key>normal</key>
        <styleUrl>#icon-seq2-2-12-673AB7-nodesc-normal</styleUrl>
      </Pair>
      <Pair>
        <key>highlight</key>
        <styleUrl>#icon-seq2-2-12-673AB7-nodesc-highlight</styleUrl>
      </Pair>
    </StyleMap>
    <Style id="icon-seq2-2-13-673AB7-nodesc-normal">
      <IconStyle>
        <color>ffb73a67</color>
        <scale>1</scale>
        <Icon>
          <href>images/icon-50.png</href>
        </Icon>
      </IconStyle>
      <LabelStyle>
        <scale>0</scale>
      </LabelStyle>
      <BalloonStyle>
        <text><![CDATA[<h3>$[name]</h3>]]></text>
      </BalloonStyle>
    </Style>
    <Style id="icon-seq2-2-13-673AB7-nodesc-highlight">
      <IconStyle>
        <color>ffb73a67</color>
        <scale>1</scale>
        <Icon>
          <href>images/icon-50.png</href>
        </Icon>
      </IconStyle>
      <LabelStyle>
        <scale>1</scale>
      </LabelStyle>
      <BalloonStyle>
        <text><![CDATA[<h3>$[name]</h3>]]></text>
      </BalloonStyle>
    </Style>
    <StyleMap id="icon-seq2-2-13-673AB7-nodesc">
      <Pair>
        <key>normal</key>
        <styleUrl>#icon-seq2-2-13-673AB7-nodesc-normal</styleUrl>
      </Pair>
      <Pair>
        <key>highlight</key>
        <styleUrl>#icon-seq2-2-13-673AB7-nodesc-highlight</styleUrl>
      </Pair>
    </StyleMap>
    <Style id="icon-seq2-2-14-673AB7-nodesc-normal">
      <IconStyle>
        <color>ffb73a67</color>
        <scale>1</scale>
        <Icon>
          <href>images/icon-51.png</href>
        </Icon>
      </IconStyle>
      <LabelStyle>
        <scale>0</scale>
      </LabelStyle>
      <BalloonStyle>
        <text><![CDATA[<h3>$[name]</h3>]]></text>
      </BalloonStyle>
    </Style>
    <Style id="icon-seq2-2-14-673AB7-nodesc-highlight">
      <IconStyle>
        <color>ffb73a67</color>
        <scale>1</scale>
        <Icon>
          <href>images/icon-51.png</href>
        </Icon>
      </IconStyle>
      <LabelStyle>
        <scale>1</scale>
      </LabelStyle>
      <BalloonStyle>
        <text><![CDATA[<h3>$[name]</h3>]]></text>
      </BalloonStyle>
    </Style>
    <StyleMap id="icon-seq2-2-14-673AB7-nodesc">
      <Pair>
        <key>normal</key>
        <styleUrl>#icon-seq2-2-14-673AB7-nodesc-normal</styleUrl>
      </Pair>
      <Pair>
        <key>highlight</key>
        <styleUrl>#icon-seq2-2-14-673AB7-nodesc-highlight</styleUrl>
      </Pair>
    </StyleMap>
    <Style id="icon-seq2-2-15-673AB7-nodesc-normal">
      <IconStyle>
        <color>ffb73a67</color>
        <scale>1</scale>
        <Icon>
          <href>images/icon-52.png</href>
        </Icon>
      </IconStyle>
      <LabelStyle>
        <scale>0</scale>
      </LabelStyle>
      <BalloonStyle>
        <text><![CDATA[<h3>$[name]</h3>]]></text>
      </BalloonStyle>
    </Style>
    <Style id="icon-seq2-2-15-673AB7-nodesc-highlight">
      <IconStyle>
        <color>ffb73a67</color>
        <scale>1</scale>
        <Icon>
          <href>images/icon-52.png</href>
        </Icon>
      </IconStyle>
      <LabelStyle>
        <scale>1</scale>
      </LabelStyle>
      <BalloonStyle>
        <text><![CDATA[<h3>$[name]</h3>]]></text>
      </BalloonStyle>
    </Style>
    <StyleMap id="icon-seq2-2-15-673AB7-nodesc">
      <Pair>
        <key>normal</key>
        <styleUrl>#icon-seq2-2-15-673AB7-nodesc-normal</styleUrl>
      </Pair>
      <Pair>
        <key>highlight</key>
        <styleUrl>#icon-seq2-2-15-673AB7-nodesc-highlight</styleUrl>
      </Pair>
    </StyleMap>
    <Style id="icon-seq2-2-16-673AB7-nodesc-normal">
      <IconStyle>
        <color>ffb73a67</color>
        <scale>1</scale>
        <Icon>
          <href>images/icon-53.png</href>
        </Icon>
      </IconStyle>
      <LabelStyle>
        <scale>0</scale>
      </LabelStyle>
      <BalloonStyle>
        <text><![CDATA[<h3>$[name]</h3>]]></text>
      </BalloonStyle>
    </Style>
    <Style id="icon-seq2-2-16-673AB7-nodesc-highlight">
      <IconStyle>
        <color>ffb73a67</color>
        <scale>1</scale>
        <Icon>
          <href>images/icon-53.png</href>
        </Icon>
      </IconStyle>
      <LabelStyle>
        <scale>1</scale>
      </LabelStyle>
      <BalloonStyle>
        <text><![CDATA[<h3>$[name]</h3>]]></text>
      </BalloonStyle>
    </Style>
    <StyleMap id="icon-seq2-2-16-673AB7-nodesc">
      <Pair>
        <key>normal</key>
        <styleUrl>#icon-seq2-2-16-673AB7-nodesc-normal</styleUrl>
      </Pair>
      <Pair>
        <key>highlight</key>
        <styleUrl>#icon-seq2-2-16-673AB7-nodesc-highlight</styleUrl>
      </Pair>
    </StyleMap>
    <Style id="icon-seq2-2-17-673AB7-nodesc-normal">
      <IconStyle>
        <color>ffb73a67</color>
        <scale>1</scale>
        <Icon>
          <href>images/icon-54.png</href>
        </Icon>
      </IconStyle>
      <LabelStyle>
        <scale>0</scale>
      </LabelStyle>
      <BalloonStyle>
        <text><![CDATA[<h3>$[name]</h3>]]></text>
      </BalloonStyle>
    </Style>
    <Style id="icon-seq2-2-17-673AB7-nodesc-highlight">
      <IconStyle>
        <color>ffb73a67</color>
        <scale>1</scale>
        <Icon>
          <href>images/icon-54.png</href>
        </Icon>
      </IconStyle>
      <LabelStyle>
        <scale>1</scale>
      </LabelStyle>
      <BalloonStyle>
        <text><![CDATA[<h3>$[name]</h3>]]></text>
      </BalloonStyle>
    </Style>
    <StyleMap id="icon-seq2-2-17-673AB7-nodesc">
      <Pair>
        <key>normal</key>
        <styleUrl>#icon-seq2-2-17-673AB7-nodesc-normal</styleUrl>
      </Pair>
      <Pair>
        <key>highlight</key>
        <styleUrl>#icon-seq2-2-17-673AB7-nodesc-highlight</styleUrl>
      </Pair>
    </StyleMap>
    <Style id="icon-seq2-2-2-673AB7-nodesc-normal">
      <IconStyle>
        <color>ffb73a67</color>
        <scale>1</scale>
        <Icon>
          <href>images/icon-39.png</href>
        </Icon>
      </IconStyle>
      <LabelStyle>
        <scale>0</scale>
      </LabelStyle>
      <BalloonStyle>
        <text><![CDATA[<h3>$[name]</h3>]]></text>
      </BalloonStyle>
    </Style>
    <Style id="icon-seq2-2-2-673AB7-nodesc-highlight">
      <IconStyle>
        <color>ffb73a67</color>
        <scale>1</scale>
        <Icon>
          <href>images/icon-39.png</href>
        </Icon>
      </IconStyle>
      <LabelStyle>
        <scale>1</scale>
      </LabelStyle>
      <BalloonStyle>
        <text><![CDATA[<h3>$[name]</h3>]]></text>
      </BalloonStyle>
    </Style>
    <StyleMap id="icon-seq2-2-2-673AB7-nodesc">
      <Pair>
        <key>normal</key>
        <styleUrl>#icon-seq2-2-2-673AB7-nodesc-normal</styleUrl>
      </Pair>
      <Pair>
        <key>highlight</key>
        <styleUrl>#icon-seq2-2-2-673AB7-nodesc-highlight</styleUrl>
      </Pair>
    </StyleMap>
    <Style id="icon-seq2-2-3-673AB7-nodesc-normal">
      <IconStyle>
        <color>ffb73a67</color>
        <scale>1</scale>
        <Icon>
          <href>images/icon-40.png</href>
        </Icon>
      </IconStyle>
      <LabelStyle>
        <scale>0</scale>
      </LabelStyle>
      <BalloonStyle>
        <text><![CDATA[<h3>$[name]</h3>]]></text>
      </BalloonStyle>
    </Style>
    <Style id="icon-seq2-2-3-673AB7-nodesc-highlight">
      <IconStyle>
        <color>ffb73a67</color>
        <scale>1</scale>
        <Icon>
          <href>images/icon-40.png</href>
        </Icon>
      </IconStyle>
      <LabelStyle>
        <scale>1</scale>
      </LabelStyle>
      <BalloonStyle>
        <text><![CDATA[<h3>$[name]</h3>]]></text>
      </BalloonStyle>
    </Style>
    <StyleMap id="icon-seq2-2-3-673AB7-nodesc">
      <Pair>
        <key>normal</key>
        <styleUrl>#icon-seq2-2-3-673AB7-nodesc-normal</styleUrl>
      </Pair>
      <Pair>
        <key>highlight</key>
        <styleUrl>#icon-seq2-2-3-673AB7-nodesc-highlight</styleUrl>
      </Pair>
    </StyleMap>
    <Style id="icon-seq2-2-4-673AB7-normal">
      <IconStyle>
        <color>ffb73a67</color>
        <scale>1</scale>
        <Icon>
          <href>images/icon-41.png</href>
        </Icon>
      </IconStyle>
      <LabelStyle>
        <scale>0</scale>
      </LabelStyle>
    </Style>
    <Style id="icon-seq2-2-4-673AB7-highlight">
      <IconStyle>
        <color>ffb73a67</color>
        <scale>1</scale>
        <Icon>
          <href>images/icon-41.png</href>
        </Icon>
      </IconStyle>
      <LabelStyle>
        <scale>1</scale>
      </LabelStyle>
    </Style>
    <StyleMap id="icon-seq2-2-4-673AB7">
      <Pair>
        <key>normal</key>
        <styleUrl>#icon-seq2-2-4-673AB7-normal</styleUrl>
      </Pair>
      <Pair>
        <key>highlight</key>
        <styleUrl>#icon-seq2-2-4-673AB7-highlight</styleUrl>
      </Pair>
    </StyleMap>
    <Style id="icon-seq2-2-5-673AB7-nodesc-normal">
      <IconStyle>
        <color>ffb73a67</color>
        <scale>1</scale>
        <Icon>
          <href>images/icon-42.png</href>
        </Icon>
      </IconStyle>
      <LabelStyle>
        <scale>0</scale>
      </LabelStyle>
      <BalloonStyle>
        <text><![CDATA[<h3>$[name]</h3>]]></text>
      </BalloonStyle>
    </Style>
    <Style id="icon-seq2-2-5-673AB7-nodesc-highlight">
      <IconStyle>
        <color>ffb73a67</color>
        <scale>1</scale>
        <Icon>
          <href>images/icon-42.png</href>
        </Icon>
      </IconStyle>
      <LabelStyle>
        <scale>1</scale>
      </LabelStyle>
      <BalloonStyle>
        <text><![CDATA[<h3>$[name]</h3>]]></text>
      </BalloonStyle>
    </Style>
    <StyleMap id="icon-seq2-2-5-673AB7-nodesc">
      <Pair>
        <key>normal</key>
        <styleUrl>#icon-seq2-2-5-673AB7-nodesc-normal</styleUrl>
      </Pair>
      <Pair>
        <key>highlight</key>
        <styleUrl>#icon-seq2-2-5-673AB7-nodesc-highlight</styleUrl>
      </Pair>
    </StyleMap>
    <Style id="icon-seq2-2-6-673AB7-nodesc-normal">
      <IconStyle>
        <color>ffb73a67</color>
        <scale>1</scale>
        <Icon>
          <href>images/icon-43.png</href>
        </Icon>
      </IconStyle>
      <LabelStyle>
        <scale>0</scale>
      </LabelStyle>
      <BalloonStyle>
        <text><![CDATA[<h3>$[name]</h3>]]></text>
      </BalloonStyle>
    </Style>
    <Style id="icon-seq2-2-6-673AB7-nodesc-highlight">
      <IconStyle>
        <color>ffb73a67</color>
        <scale>1</scale>
        <Icon>
          <href>images/icon-43.png</href>
        </Icon>
      </IconStyle>
      <LabelStyle>
        <scale>1</scale>
      </LabelStyle>
      <BalloonStyle>
        <text><![CDATA[<h3>$[name]</h3>]]></text>
      </BalloonStyle>
    </Style>
    <StyleMap id="icon-seq2-2-6-673AB7-nodesc">
      <Pair>
        <key>normal</key>
        <styleUrl>#icon-seq2-2-6-673AB7-nodesc-normal</styleUrl>
      </Pair>
      <Pair>
        <key>highlight</key>
        <styleUrl>#icon-seq2-2-6-673AB7-nodesc-highlight</styleUrl>
      </Pair>
    </StyleMap>
    <Style id="icon-seq2-2-7-673AB7-nodesc-normal">
      <IconStyle>
        <color>ffb73a67</color>
        <scale>1</scale>
        <Icon>
          <href>images/icon-44.png</href>
        </Icon>
      </IconStyle>
      <LabelStyle>
        <scale>0</scale>
      </LabelStyle>
      <BalloonStyle>
        <text><![CDATA[<h3>$[name]</h3>]]></text>
      </BalloonStyle>
    </Style>
    <Style id="icon-seq2-2-7-673AB7-nodesc-highlight">
      <IconStyle>
        <color>ffb73a67</color>
        <scale>1</scale>
        <Icon>
          <href>images/icon-44.png</href>
        </Icon>
      </IconStyle>
      <LabelStyle>
        <scale>1</scale>
      </LabelStyle>
      <BalloonStyle>
        <text><![CDATA[<h3>$[name]</h3>]]></text>
      </BalloonStyle>
    </Style>
    <StyleMap id="icon-seq2-2-7-673AB7-nodesc">
      <Pair>
        <key>normal</key>
        <styleUrl>#icon-seq2-2-7-673AB7-nodesc-normal</styleUrl>
      </Pair>
      <Pair>
        <key>highlight</key>
        <styleUrl>#icon-seq2-2-7-673AB7-nodesc-highlight</styleUrl>
      </Pair>
    </StyleMap>
    <Style id="icon-seq2-2-8-673AB7-nodesc-normal">
      <IconStyle>
        <color>ffb73a67</color>
        <scale>1</scale>
        <Icon>
          <href>images/icon-45.png</href>
        </Icon>
      </IconStyle>
      <LabelStyle>
        <scale>0</scale>
      </LabelStyle>
      <BalloonStyle>
        <text><![CDATA[<h3>$[name]</h3>]]></text>
      </BalloonStyle>
    </Style>
    <Style id="icon-seq2-2-8-673AB7-nodesc-highlight">
      <IconStyle>
        <color>ffb73a67</color>
        <scale>1</scale>
        <Icon>
          <href>images/icon-45.png</href>
        </Icon>
      </IconStyle>
      <LabelStyle>
        <scale>1</scale>
      </LabelStyle>
      <BalloonStyle>
        <text><![CDATA[<h3>$[name]</h3>]]></text>
      </BalloonStyle>
    </Style>
    <StyleMap id="icon-seq2-2-8-673AB7-nodesc">
      <Pair>
        <key>normal</key>
        <styleUrl>#icon-seq2-2-8-673AB7-nodesc-normal</styleUrl>
      </Pair>
      <Pair>
        <key>highlight</key>
        <styleUrl>#icon-seq2-2-8-673AB7-nodesc-highlight</styleUrl>
      </Pair>
    </StyleMap>
    <Style id="icon-seq2-2-9-673AB7-nodesc-normal">
      <IconStyle>
        <color>ffb73a67</color>
        <scale>1</scale>
        <Icon>
          <href>images/icon-46.png</href>
        </Icon>
      </IconStyle>
      <LabelStyle>
        <scale>0</scale>
      </LabelStyle>
      <BalloonStyle>
        <text><![CDATA[<h3>$[name]</h3>]]></text>
      </BalloonStyle>
    </Style>
    <Style id="icon-seq2-2-9-673AB7-nodesc-highlight">
      <IconStyle>
        <color>ffb73a67</color>
        <scale>1</scale>
        <Icon>
          <href>images/icon-46.png</href>
        </Icon>
      </IconStyle>
      <LabelStyle>
        <scale>1</scale>
      </LabelStyle>
      <BalloonStyle>
        <text><![CDATA[<h3>$[name]</h3>]]></text>
      </BalloonStyle>
    </Style>
    <StyleMap id="icon-seq2-2-9-673AB7-nodesc">
      <Pair>
        <key>normal</key>
        <styleUrl>#icon-seq2-2-9-673AB7-nodesc-normal</styleUrl>
      </Pair>
      <Pair>
        <key>highlight</key>
        <styleUrl>#icon-seq2-2-9-673AB7-nodesc-highlight</styleUrl>
      </Pair>
    </StyleMap>
    <Style id="icon-seq2-3-0-FF5252-nodesc-normal">
      <IconStyle>
        <color>ff5252ff</color>
        <scale>1</scale>
        <Icon>
          <href>images/icon-55.png</href>
        </Icon>
      </IconStyle>
      <LabelStyle>
        <scale>0</scale>
      </LabelStyle>
      <BalloonStyle>
        <text><![CDATA[<h3>$[name]</h3>]]></text>
      </BalloonStyle>
    </Style>
    <Style id="icon-seq2-3-0-FF5252-nodesc-highlight">
      <IconStyle>
        <color>ff5252ff</color>
        <scale>1</scale>
        <Icon>
          <href>images/icon-55.png</href>
        </Icon>
      </IconStyle>
      <LabelStyle>
        <scale>1</scale>
      </LabelStyle>
      <BalloonStyle>
        <text><![CDATA[<h3>$[name]</h3>]]></text>
      </BalloonStyle>
    </Style>
    <StyleMap id="icon-seq2-3-0-FF5252-nodesc">
      <Pair>
        <key>normal</key>
        <styleUrl>#icon-seq2-3-0-FF5252-nodesc-normal</styleUrl>
      </Pair>
      <Pair>
        <key>highlight</key>
        <styleUrl>#icon-seq2-3-0-FF5252-nodesc-highlight</styleUrl>
      </Pair>
    </StyleMap>
    <Style id="icon-seq2-3-1-FF5252-nodesc-normal">
      <IconStyle>
        <color>ff5252ff</color>
        <scale>1</scale>
        <Icon>
          <href>images/icon-56.png</href>
        </Icon>
      </IconStyle>
      <LabelStyle>
        <scale>0</scale>
      </LabelStyle>
      <BalloonStyle>
        <text><![CDATA[<h3>$[name]</h3>]]></text>
      </BalloonStyle>
    </Style>
    <Style id="icon-seq2-3-1-FF5252-nodesc-highlight">
      <IconStyle>
        <color>ff5252ff</color>
        <scale>1</scale>
        <Icon>
          <href>images/icon-56.png</href>
        </Icon>
      </IconStyle>
      <LabelStyle>
        <scale>1</scale>
      </LabelStyle>
      <BalloonStyle>
        <text><![CDATA[<h3>$[name]</h3>]]></text>
      </BalloonStyle>
    </Style>
    <StyleMap id="icon-seq2-3-1-FF5252-nodesc">
      <Pair>
        <key>normal</key>
        <styleUrl>#icon-seq2-3-1-FF5252-nodesc-normal</styleUrl>
      </Pair>
      <Pair>
        <key>highlight</key>
        <styleUrl>#icon-seq2-3-1-FF5252-nodesc-highlight</styleUrl>
      </Pair>
    </StyleMap>
    <Style id="icon-seq2-3-10-FF5252-nodesc-normal">
      <IconStyle>
        <color>ff5252ff</color>
        <scale>1</scale>
        <Icon>
          <href>images/icon-65.png</href>
        </Icon>
      </IconStyle>
      <LabelStyle>
        <scale>0</scale>
      </LabelStyle>
      <BalloonStyle>
        <text><![CDATA[<h3>$[name]</h3>]]></text>
      </BalloonStyle>
    </Style>
    <Style id="icon-seq2-3-10-FF5252-nodesc-highlight">
      <IconStyle>
        <color>ff5252ff</color>
        <scale>1</scale>
        <Icon>
          <href>images/icon-65.png</href>
        </Icon>
      </IconStyle>
      <LabelStyle>
        <scale>1</scale>
      </LabelStyle>
      <BalloonStyle>
        <text><![CDATA[<h3>$[name]</h3>]]></text>
      </BalloonStyle>
    </Style>
    <StyleMap id="icon-seq2-3-10-FF5252-nodesc">
      <Pair>
        <key>normal</key>
        <styleUrl>#icon-seq2-3-10-FF5252-nodesc-normal</styleUrl>
      </Pair>
      <Pair>
        <key>highlight</key>
        <styleUrl>#icon-seq2-3-10-FF5252-nodesc-highlight</styleUrl>
      </Pair>
    </StyleMap>
    <Style id="icon-seq2-3-11-FF5252-nodesc-normal">
      <IconStyle>
        <color>ff5252ff</color>
        <scale>1</scale>
        <Icon>
          <href>images/icon-66.png</href>
        </Icon>
      </IconStyle>
      <LabelStyle>
        <scale>0</scale>
      </LabelStyle>
      <BalloonStyle>
        <text><![CDATA[<h3>$[name]</h3>]]></text>
      </BalloonStyle>
    </Style>
    <Style id="icon-seq2-3-11-FF5252-nodesc-highlight">
      <IconStyle>
        <color>ff5252ff</color>
        <scale>1</scale>
        <Icon>
          <href>images/icon-66.png</href>
        </Icon>
      </IconStyle>
      <LabelStyle>
        <scale>1</scale>
      </LabelStyle>
      <BalloonStyle>
        <text><![CDATA[<h3>$[name]</h3>]]></text>
      </BalloonStyle>
    </Style>
    <StyleMap id="icon-seq2-3-11-FF5252-nodesc">
      <Pair>
        <key>normal</key>
        <styleUrl>#icon-seq2-3-11-FF5252-nodesc-normal</styleUrl>
      </Pair>
      <Pair>
        <key>highlight</key>
        <styleUrl>#icon-seq2-3-11-FF5252-nodesc-highlight</styleUrl>
      </Pair>
    </StyleMap>
    <Style id="icon-seq2-3-2-FF5252-nodesc-normal">
      <IconStyle>
        <color>ff5252ff</color>
        <scale>1</scale>
        <Icon>
          <href>images/icon-57.png</href>
        </Icon>
      </IconStyle>
      <LabelStyle>
        <scale>0</scale>
      </LabelStyle>
      <BalloonStyle>
        <text><![CDATA[<h3>$[name]</h3>]]></text>
      </BalloonStyle>
    </Style>
    <Style id="icon-seq2-3-2-FF5252-nodesc-highlight">
      <IconStyle>
        <color>ff5252ff</color>
        <scale>1</scale>
        <Icon>
          <href>images/icon-57.png</href>
        </Icon>
      </IconStyle>
      <LabelStyle>
        <scale>1</scale>
      </LabelStyle>
      <BalloonStyle>
        <text><![CDATA[<h3>$[name]</h3>]]></text>
      </BalloonStyle>
    </Style>
    <StyleMap id="icon-seq2-3-2-FF5252-nodesc">
      <Pair>
        <key>normal</key>
        <styleUrl>#icon-seq2-3-2-FF5252-nodesc-normal</styleUrl>
      </Pair>
      <Pair>
        <key>highlight</key>
        <styleUrl>#icon-seq2-3-2-FF5252-nodesc-highlight</styleUrl>
      </Pair>
    </StyleMap>
    <Style id="icon-seq2-3-3-FF5252-nodesc-normal">
      <IconStyle>
        <color>ff5252ff</color>
        <scale>1</scale>
        <Icon>
          <href>images/icon-58.png</href>
        </Icon>
      </IconStyle>
      <LabelStyle>
        <scale>0</scale>
      </LabelStyle>
      <BalloonStyle>
        <text><![CDATA[<h3>$[name]</h3>]]></text>
      </BalloonStyle>
    </Style>
    <Style id="icon-seq2-3-3-FF5252-nodesc-highlight">
      <IconStyle>
        <color>ff5252ff</color>
        <scale>1</scale>
        <Icon>
          <href>images/icon-58.png</href>
        </Icon>
      </IconStyle>
      <LabelStyle>
        <scale>1</scale>
      </LabelStyle>
      <BalloonStyle>
        <text><![CDATA[<h3>$[name]</h3>]]></text>
      </BalloonStyle>
    </Style>
    <StyleMap id="icon-seq2-3-3-FF5252-nodesc">
      <Pair>
        <key>normal</key>
        <styleUrl>#icon-seq2-3-3-FF5252-nodesc-normal</styleUrl>
      </Pair>
      <Pair>
        <key>highlight</key>
        <styleUrl>#icon-seq2-3-3-FF5252-nodesc-highlight</styleUrl>
      </Pair>
    </StyleMap>
    <Style id="icon-seq2-3-4-FF5252-nodesc-normal">
      <IconStyle>
        <color>ff5252ff</color>
        <scale>1</scale>
        <Icon>
          <href>images/icon-59.png</href>
        </Icon>
      </IconStyle>
      <LabelStyle>
        <scale>0</scale>
      </LabelStyle>
      <BalloonStyle>
        <text><![CDATA[<h3>$[name]</h3>]]></text>
      </BalloonStyle>
    </Style>
    <Style id="icon-seq2-3-4-FF5252-nodesc-highlight">
      <IconStyle>
        <color>ff5252ff</color>
        <scale>1</scale>
        <Icon>
          <href>images/icon-59.png</href>
        </Icon>
      </IconStyle>
      <LabelStyle>
        <scale>1</scale>
      </LabelStyle>
      <BalloonStyle>
        <text><![CDATA[<h3>$[name]</h3>]]></text>
      </BalloonStyle>
    </Style>
    <StyleMap id="icon-seq2-3-4-FF5252-nodesc">
      <Pair>
        <key>normal</key>
        <styleUrl>#icon-seq2-3-4-FF5252-nodesc-normal</styleUrl>
      </Pair>
      <Pair>
        <key>highlight</key>
        <styleUrl>#icon-seq2-3-4-FF5252-nodesc-highlight</styleUrl>
      </Pair>
    </StyleMap>
    <Style id="icon-seq2-3-5-FF5252-nodesc-normal">
      <IconStyle>
        <color>ff5252ff</color>
        <scale>1</scale>
        <Icon>
          <href>images/icon-60.png</href>
        </Icon>
      </IconStyle>
      <LabelStyle>
        <scale>0</scale>
      </LabelStyle>
      <BalloonStyle>
        <text><![CDATA[<h3>$[name]</h3>]]></text>
      </BalloonStyle>
    </Style>
    <Style id="icon-seq2-3-5-FF5252-nodesc-highlight">
      <IconStyle>
        <color>ff5252ff</color>
        <scale>1</scale>
        <Icon>
          <href>images/icon-60.png</href>
        </Icon>
      </IconStyle>
      <LabelStyle>
        <scale>1</scale>
      </LabelStyle>
      <BalloonStyle>
        <text><![CDATA[<h3>$[name]</h3>]]></text>
      </BalloonStyle>
    </Style>
    <StyleMap id="icon-seq2-3-5-FF5252-nodesc">
      <Pair>
        <key>normal</key>
        <styleUrl>#icon-seq2-3-5-FF5252-nodesc-normal</styleUrl>
      </Pair>
      <Pair>
        <key>highlight</key>
        <styleUrl>#icon-seq2-3-5-FF5252-nodesc-highlight</styleUrl>
      </Pair>
    </StyleMap>
    <Style id="icon-seq2-3-6-FF5252-nodesc-normal">
      <IconStyle>
        <color>ff5252ff</color>
        <scale>1</scale>
        <Icon>
          <href>images/icon-61.png</href>
        </Icon>
      </IconStyle>
      <LabelStyle>
        <scale>0</scale>
      </LabelStyle>
      <BalloonStyle>
        <text><![CDATA[<h3>$[name]</h3>]]></text>
      </BalloonStyle>
    </Style>
    <Style id="icon-seq2-3-6-FF5252-nodesc-highlight">
      <IconStyle>
        <color>ff5252ff</color>
        <scale>1</scale>
        <Icon>
          <href>images/icon-61.png</href>
        </Icon>
      </IconStyle>
      <LabelStyle>
        <scale>1</scale>
      </LabelStyle>
      <BalloonStyle>
        <text><![CDATA[<h3>$[name]</h3>]]></text>
      </BalloonStyle>
    </Style>
    <StyleMap id="icon-seq2-3-6-FF5252-nodesc">
      <Pair>
        <key>normal</key>
        <styleUrl>#icon-seq2-3-6-FF5252-nodesc-normal</styleUrl>
      </Pair>
      <Pair>
        <key>highlight</key>
        <styleUrl>#icon-seq2-3-6-FF5252-nodesc-highlight</styleUrl>
      </Pair>
    </StyleMap>
    <Style id="icon-seq2-3-7-FF5252-nodesc-normal">
      <IconStyle>
        <color>ff5252ff</color>
        <scale>1</scale>
        <Icon>
          <href>images/icon-62.png</href>
        </Icon>
      </IconStyle>
      <LabelStyle>
        <scale>0</scale>
      </LabelStyle>
      <BalloonStyle>
        <text><![CDATA[<h3>$[name]</h3>]]></text>
      </BalloonStyle>
    </Style>
    <Style id="icon-seq2-3-7-FF5252-nodesc-highlight">
      <IconStyle>
        <color>ff5252ff</color>
        <scale>1</scale>
        <Icon>
          <href>images/icon-62.png</href>
        </Icon>
      </IconStyle>
      <LabelStyle>
        <scale>1</scale>
      </LabelStyle>
      <BalloonStyle>
        <text><![CDATA[<h3>$[name]</h3>]]></text>
      </BalloonStyle>
    </Style>
    <StyleMap id="icon-seq2-3-7-FF5252-nodesc">
      <Pair>
        <key>normal</key>
        <styleUrl>#icon-seq2-3-7-FF5252-nodesc-normal</styleUrl>
      </Pair>
      <Pair>
        <key>highlight</key>
        <styleUrl>#icon-seq2-3-7-FF5252-nodesc-highlight</styleUrl>
      </Pair>
    </StyleMap>
    <Style id="icon-seq2-3-8-FF5252-nodesc-normal">
      <IconStyle>
        <color>ff5252ff</color>
        <scale>1</scale>
        <Icon>
          <href>images/icon-63.png</href>
        </Icon>
      </IconStyle>
      <LabelStyle>
        <scale>0</scale>
      </LabelStyle>
      <BalloonStyle>
        <text><![CDATA[<h3>$[name]</h3>]]></text>
      </BalloonStyle>
    </Style>
    <Style id="icon-seq2-3-8-FF5252-nodesc-highlight">
      <IconStyle>
        <color>ff5252ff</color>
        <scale>1</scale>
        <Icon>
          <href>images/icon-63.png</href>
        </Icon>
      </IconStyle>
      <LabelStyle>
        <scale>1</scale>
      </LabelStyle>
      <BalloonStyle>
        <text><![CDATA[<h3>$[name]</h3>]]></text>
      </BalloonStyle>
    </Style>
    <StyleMap id="icon-seq2-3-8-FF5252-nodesc">
      <Pair>
        <key>normal</key>
        <styleUrl>#icon-seq2-3-8-FF5252-nodesc-normal</styleUrl>
      </Pair>
      <Pair>
        <key>highlight</key>
        <styleUrl>#icon-seq2-3-8-FF5252-nodesc-highlight</styleUrl>
      </Pair>
    </StyleMap>
    <Style id="icon-seq2-3-9-FF5252-nodesc-normal">
      <IconStyle>
        <color>ff5252ff</color>
        <scale>1</scale>
        <Icon>
          <href>images/icon-64.png</href>
        </Icon>
      </IconStyle>
      <LabelStyle>
        <scale>0</scale>
      </LabelStyle>
      <BalloonStyle>
        <text><![CDATA[<h3>$[name]</h3>]]></text>
      </BalloonStyle>
    </Style>
    <Style id="icon-seq2-3-9-FF5252-nodesc-highlight">
      <IconStyle>
        <color>ff5252ff</color>
        <scale>1</scale>
        <Icon>
          <href>images/icon-64.png</href>
        </Icon>
      </IconStyle>
      <LabelStyle>
        <scale>1</scale>
      </LabelStyle>
      <BalloonStyle>
        <text><![CDATA[<h3>$[name]</h3>]]></text>
      </BalloonStyle>
    </Style>
    <StyleMap id="icon-seq2-3-9-FF5252-nodesc">
      <Pair>
        <key>normal</key>
        <styleUrl>#icon-seq2-3-9-FF5252-nodesc-normal</styleUrl>
      </Pair>
      <Pair>
        <key>highlight</key>
        <styleUrl>#icon-seq2-3-9-FF5252-nodesc-highlight</styleUrl>
      </Pair>
    </StyleMap>
    <Style id="icon-seq2-4-0-FFEA00-nodesc-normal">
      <IconStyle>
        <color>ff00eaff</color>
        <scale>1</scale>
        <Icon>
          <href>images/icon-67.png</href>
        </Icon>
      </IconStyle>
      <LabelStyle>
        <scale>0</scale>
      </LabelStyle>
      <BalloonStyle>
        <text><![CDATA[<h3>$[name]</h3>]]></text>
      </BalloonStyle>
    </Style>
    <Style id="icon-seq2-4-0-FFEA00-nodesc-highlight">
      <IconStyle>
        <color>ff00eaff</color>
        <scale>1</scale>
        <Icon>
          <href>images/icon-67.png</href>
        </Icon>
      </IconStyle>
      <LabelStyle>
        <scale>1</scale>
      </LabelStyle>
      <BalloonStyle>
        <text><![CDATA[<h3>$[name]</h3>]]></text>
      </BalloonStyle>
    </Style>
    <StyleMap id="icon-seq2-4-0-FFEA00-nodesc">
      <Pair>
        <key>normal</key>
        <styleUrl>#icon-seq2-4-0-FFEA00-nodesc-normal</styleUrl>
      </Pair>
      <Pair>
        <key>highlight</key>
        <styleUrl>#icon-seq2-4-0-FFEA00-nodesc-highlight</styleUrl>
      </Pair>
    </StyleMap>
    <Style id="icon-seq2-4-1-FFEA00-nodesc-normal">
      <IconStyle>
        <color>ff00eaff</color>
        <scale>1</scale>
        <Icon>
          <href>images/icon-68.png</href>
        </Icon>
      </IconStyle>
      <LabelStyle>
        <scale>0</scale>
      </LabelStyle>
      <BalloonStyle>
        <text><![CDATA[<h3>$[name]</h3>]]></text>
      </BalloonStyle>
    </Style>
    <Style id="icon-seq2-4-1-FFEA00-nodesc-highlight">
      <IconStyle>
        <color>ff00eaff</color>
        <scale>1</scale>
        <Icon>
          <href>images/icon-68.png</href>
        </Icon>
      </IconStyle>
      <LabelStyle>
        <scale>1</scale>
      </LabelStyle>
      <BalloonStyle>
        <text><![CDATA[<h3>$[name]</h3>]]></text>
      </BalloonStyle>
    </Style>
    <StyleMap id="icon-seq2-4-1-FFEA00-nodesc">
      <Pair>
        <key>normal</key>
        <styleUrl>#icon-seq2-4-1-FFEA00-nodesc-normal</styleUrl>
      </Pair>
      <Pair>
        <key>highlight</key>
        <styleUrl>#icon-seq2-4-1-FFEA00-nodesc-highlight</styleUrl>
      </Pair>
    </StyleMap>
    <Style id="icon-seq2-4-10-FFEA00-nodesc-normal">
      <IconStyle>
        <color>ff00eaff</color>
        <scale>1</scale>
        <Icon>
          <href>images/icon-77.png</href>
        </Icon>
      </IconStyle>
      <LabelStyle>
        <scale>0</scale>
      </LabelStyle>
      <BalloonStyle>
        <text><![CDATA[<h3>$[name]</h3>]]></text>
      </BalloonStyle>
    </Style>
    <Style id="icon-seq2-4-10-FFEA00-nodesc-highlight">
      <IconStyle>
        <color>ff00eaff</color>
        <scale>1</scale>
        <Icon>
          <href>images/icon-77.png</href>
        </Icon>
      </IconStyle>
      <LabelStyle>
        <scale>1</scale>
      </LabelStyle>
      <BalloonStyle>
        <text><![CDATA[<h3>$[name]</h3>]]></text>
      </BalloonStyle>
    </Style>
    <StyleMap id="icon-seq2-4-10-FFEA00-nodesc">
      <Pair>
        <key>normal</key>
        <styleUrl>#icon-seq2-4-10-FFEA00-nodesc-normal</styleUrl>
      </Pair>
      <Pair>
        <key>highlight</key>
        <styleUrl>#icon-seq2-4-10-FFEA00-nodesc-highlight</styleUrl>
      </Pair>
    </StyleMap>
    <Style id="icon-seq2-4-11-FFEA00-nodesc-normal">
      <IconStyle>
        <color>ff00eaff</color>
        <scale>1</scale>
        <Icon>
          <href>images/icon-78.png</href>
        </Icon>
      </IconStyle>
      <LabelStyle>
        <scale>0</scale>
      </LabelStyle>
      <BalloonStyle>
        <text><![CDATA[<h3>$[name]</h3>]]></text>
      </BalloonStyle>
    </Style>
    <Style id="icon-seq2-4-11-FFEA00-nodesc-highlight">
      <IconStyle>
        <color>ff00eaff</color>
        <scale>1</scale>
        <Icon>
          <href>images/icon-78.png</href>
        </Icon>
      </IconStyle>
      <LabelStyle>
        <scale>1</scale>
      </LabelStyle>
      <BalloonStyle>
        <text><![CDATA[<h3>$[name]</h3>]]></text>
      </BalloonStyle>
    </Style>
    <StyleMap id="icon-seq2-4-11-FFEA00-nodesc">
      <Pair>
        <key>normal</key>
        <styleUrl>#icon-seq2-4-11-FFEA00-nodesc-normal</styleUrl>
      </Pair>
      <Pair>
        <key>highlight</key>
        <styleUrl>#icon-seq2-4-11-FFEA00-nodesc-highlight</styleUrl>
      </Pair>
    </StyleMap>
    <Style id="icon-seq2-4-12-FFEA00-nodesc-normal">
      <IconStyle>
        <color>ff00eaff</color>
        <scale>1</scale>
        <Icon>
          <href>images/icon-79.png</href>
        </Icon>
      </IconStyle>
      <LabelStyle>
        <scale>0</scale>
      </LabelStyle>
      <BalloonStyle>
        <text><![CDATA[<h3>$[name]</h3>]]></text>
      </BalloonStyle>
    </Style>
    <Style id="icon-seq2-4-12-FFEA00-nodesc-highlight">
      <IconStyle>
        <color>ff00eaff</color>
        <scale>1</scale>
        <Icon>
          <href>images/icon-79.png</href>
        </Icon>
      </IconStyle>
      <LabelStyle>
        <scale>1</scale>
      </LabelStyle>
      <BalloonStyle>
        <text><![CDATA[<h3>$[name]</h3>]]></text>
      </BalloonStyle>
    </Style>
    <StyleMap id="icon-seq2-4-12-FFEA00-nodesc">
      <Pair>
        <key>normal</key>
        <styleUrl>#icon-seq2-4-12-FFEA00-nodesc-normal</styleUrl>
      </Pair>
      <Pair>
        <key>highlight</key>
        <styleUrl>#icon-seq2-4-12-FFEA00-nodesc-highlight</styleUrl>
      </Pair>
    </StyleMap>
    <Style id="icon-seq2-4-13-FFEA00-nodesc-normal">
      <IconStyle>
        <color>ff00eaff</color>
        <scale>1</scale>
        <Icon>
          <href>images/icon-80.png</href>
        </Icon>
      </IconStyle>
      <LabelStyle>
        <scale>0</scale>
      </LabelStyle>
      <BalloonStyle>
        <text><![CDATA[<h3>$[name]</h3>]]></text>
      </BalloonStyle>
    </Style>
    <Style id="icon-seq2-4-13-FFEA00-nodesc-highlight">
      <IconStyle>
        <color>ff00eaff</color>
        <scale>1</scale>
        <Icon>
          <href>images/icon-80.png</href>
        </Icon>
      </IconStyle>
      <LabelStyle>
        <scale>1</scale>
      </LabelStyle>
      <BalloonStyle>
        <text><![CDATA[<h3>$[name]</h3>]]></text>
      </BalloonStyle>
    </Style>
    <StyleMap id="icon-seq2-4-13-FFEA00-nodesc">
      <Pair>
        <key>normal</key>
        <styleUrl>#icon-seq2-4-13-FFEA00-nodesc-normal</styleUrl>
      </Pair>
      <Pair>
        <key>highlight</key>
        <styleUrl>#icon-seq2-4-13-FFEA00-nodesc-highlight</styleUrl>
      </Pair>
    </StyleMap>
    <Style id="icon-seq2-4-14-FFEA00-nodesc-normal">
      <IconStyle>
        <color>ff00eaff</color>
        <scale>1</scale>
        <Icon>
          <href>images/icon-81.png</href>
        </Icon>
      </IconStyle>
      <LabelStyle>
        <scale>0</scale>
      </LabelStyle>
      <BalloonStyle>
        <text><![CDATA[<h3>$[name]</h3>]]></text>
      </BalloonStyle>
    </Style>
    <Style id="icon-seq2-4-14-FFEA00-nodesc-highlight">
      <IconStyle>
        <color>ff00eaff</color>
        <scale>1</scale>
        <Icon>
          <href>images/icon-81.png</href>
        </Icon>
      </IconStyle>
      <LabelStyle>
        <scale>1</scale>
      </LabelStyle>
      <BalloonStyle>
        <text><![CDATA[<h3>$[name]</h3>]]></text>
      </BalloonStyle>
    </Style>
    <StyleMap id="icon-seq2-4-14-FFEA00-nodesc">
      <Pair>
        <key>normal</key>
        <styleUrl>#icon-seq2-4-14-FFEA00-nodesc-normal</styleUrl>
      </Pair>
      <Pair>
        <key>highlight</key>
        <styleUrl>#icon-seq2-4-14-FFEA00-nodesc-highlight</styleUrl>
      </Pair>
    </StyleMap>
    <Style id="icon-seq2-4-15-FFEA00-nodesc-normal">
      <IconStyle>
        <color>ff00eaff</color>
        <scale>1</scale>
        <Icon>
          <href>images/icon-82.png</href>
        </Icon>
      </IconStyle>
      <LabelStyle>
        <scale>0</scale>
      </LabelStyle>
      <BalloonStyle>
        <text><![CDATA[<h3>$[name]</h3>]]></text>
      </BalloonStyle>
    </Style>
    <Style id="icon-seq2-4-15-FFEA00-nodesc-highlight">
      <IconStyle>
        <color>ff00eaff</color>
        <scale>1</scale>
        <Icon>
          <href>images/icon-82.png</href>
        </Icon>
      </IconStyle>
      <LabelStyle>
        <scale>1</scale>
      </LabelStyle>
      <BalloonStyle>
        <text><![CDATA[<h3>$[name]</h3>]]></text>
      </BalloonStyle>
    </Style>
    <StyleMap id="icon-seq2-4-15-FFEA00-nodesc">
      <Pair>
        <key>normal</key>
        <styleUrl>#icon-seq2-4-15-FFEA00-nodesc-normal</styleUrl>
      </Pair>
      <Pair>
        <key>highlight</key>
        <styleUrl>#icon-seq2-4-15-FFEA00-nodesc-highlight</styleUrl>
      </Pair>
    </StyleMap>
    <Style id="icon-seq2-4-16-FFEA00-nodesc-normal">
      <IconStyle>
        <color>ff00eaff</color>
        <scale>1</scale>
        <Icon>
          <href>images/icon-83.png</href>
        </Icon>
      </IconStyle>
      <LabelStyle>
        <scale>0</scale>
      </LabelStyle>
      <BalloonStyle>
        <text><![CDATA[<h3>$[name]</h3>]]></text>
      </BalloonStyle>
    </Style>
    <Style id="icon-seq2-4-16-FFEA00-nodesc-highlight">
      <IconStyle>
        <color>ff00eaff</color>
        <scale>1</scale>
        <Icon>
          <href>images/icon-83.png</href>
        </Icon>
      </IconStyle>
      <LabelStyle>
        <scale>1</scale>
      </LabelStyle>
      <BalloonStyle>
        <text><![CDATA[<h3>$[name]</h3>]]></text>
      </BalloonStyle>
    </Style>
    <StyleMap id="icon-seq2-4-16-FFEA00-nodesc">
      <Pair>
        <key>normal</key>
        <styleUrl>#icon-seq2-4-16-FFEA00-nodesc-normal</styleUrl>
      </Pair>
      <Pair>
        <key>highlight</key>
        <styleUrl>#icon-seq2-4-16-FFEA00-nodesc-highlight</styleUrl>
      </Pair>
    </StyleMap>
    <Style id="icon-seq2-4-17-FFEA00-nodesc-normal">
      <IconStyle>
        <color>ff00eaff</color>
        <scale>1</scale>
        <Icon>
          <href>images/icon-84.png</href>
        </Icon>
      </IconStyle>
      <LabelStyle>
        <scale>0</scale>
      </LabelStyle>
      <BalloonStyle>
        <text><![CDATA[<h3>$[name]</h3>]]></text>
      </BalloonStyle>
    </Style>
    <Style id="icon-seq2-4-17-FFEA00-nodesc-highlight">
      <IconStyle>
        <color>ff00eaff</color>
        <scale>1</scale>
        <Icon>
          <href>images/icon-84.png</href>
        </Icon>
      </IconStyle>
      <LabelStyle>
        <scale>1</scale>
      </LabelStyle>
      <BalloonStyle>
        <text><![CDATA[<h3>$[name]</h3>]]></text>
      </BalloonStyle>
    </Style>
    <StyleMap id="icon-seq2-4-17-FFEA00-nodesc">
      <Pair>
        <key>normal</key>
        <styleUrl>#icon-seq2-4-17-FFEA00-nodesc-normal</styleUrl>
      </Pair>
      <Pair>
        <key>highlight</key>
        <styleUrl>#icon-seq2-4-17-FFEA00-nodesc-highlight</styleUrl>
      </Pair>
    </StyleMap>
    <Style id="icon-seq2-4-18-FFEA00-nodesc-normal">
      <IconStyle>
        <color>ff00eaff</color>
        <scale>1</scale>
        <Icon>
          <href>images/icon-85.png</href>
        </Icon>
      </IconStyle>
      <LabelStyle>
        <scale>0</scale>
      </LabelStyle>
      <BalloonStyle>
        <text><![CDATA[<h3>$[name]</h3>]]></text>
      </BalloonStyle>
    </Style>
    <Style id="icon-seq2-4-18-FFEA00-nodesc-highlight">
      <IconStyle>
        <color>ff00eaff</color>
        <scale>1</scale>
        <Icon>
          <href>images/icon-85.png</href>
        </Icon>
      </IconStyle>
      <LabelStyle>
        <scale>1</scale>
      </LabelStyle>
      <BalloonStyle>
        <text><![CDATA[<h3>$[name]</h3>]]></text>
      </BalloonStyle>
    </Style>
    <StyleMap id="icon-seq2-4-18-FFEA00-nodesc">
      <Pair>
        <key>normal</key>
        <styleUrl>#icon-seq2-4-18-FFEA00-nodesc-normal</styleUrl>
      </Pair>
      <Pair>
        <key>highlight</key>
        <styleUrl>#icon-seq2-4-18-FFEA00-nodesc-highlight</styleUrl>
      </Pair>
    </StyleMap>
    <Style id="icon-seq2-4-19-FFEA00-nodesc-normal">
      <IconStyle>
        <color>ff00eaff</color>
        <scale>1</scale>
        <Icon>
          <href>images/icon-86.png</href>
        </Icon>
      </IconStyle>
      <LabelStyle>
        <scale>0</scale>
      </LabelStyle>
      <BalloonStyle>
        <text><![CDATA[<h3>$[name]</h3>]]></text>
      </BalloonStyle>
    </Style>
    <Style id="icon-seq2-4-19-FFEA00-nodesc-highlight">
      <IconStyle>
        <color>ff00eaff</color>
        <scale>1</scale>
        <Icon>
          <href>images/icon-86.png</href>
        </Icon>
      </IconStyle>
      <LabelStyle>
        <scale>1</scale>
      </LabelStyle>
      <BalloonStyle>
        <text><![CDATA[<h3>$[name]</h3>]]></text>
      </BalloonStyle>
    </Style>
    <StyleMap id="icon-seq2-4-19-FFEA00-nodesc">
      <Pair>
        <key>normal</key>
        <styleUrl>#icon-seq2-4-19-FFEA00-nodesc-normal</styleUrl>
      </Pair>
      <Pair>
        <key>highlight</key>
        <styleUrl>#icon-seq2-4-19-FFEA00-nodesc-highlight</styleUrl>
      </Pair>
    </StyleMap>
    <Style id="icon-seq2-4-2-FFEA00-nodesc-normal">
      <IconStyle>
        <color>ff00eaff</color>
        <scale>1</scale>
        <Icon>
          <href>images/icon-69.png</href>
        </Icon>
      </IconStyle>
      <LabelStyle>
        <scale>0</scale>
      </LabelStyle>
      <BalloonStyle>
        <text><![CDATA[<h3>$[name]</h3>]]></text>
      </BalloonStyle>
    </Style>
    <Style id="icon-seq2-4-2-FFEA00-nodesc-highlight">
      <IconStyle>
        <color>ff00eaff</color>
        <scale>1</scale>
        <Icon>
          <href>images/icon-69.png</href>
        </Icon>
      </IconStyle>
      <LabelStyle>
        <scale>1</scale>
      </LabelStyle>
      <BalloonStyle>
        <text><![CDATA[<h3>$[name]</h3>]]></text>
      </BalloonStyle>
    </Style>
    <StyleMap id="icon-seq2-4-2-FFEA00-nodesc">
      <Pair>
        <key>normal</key>
        <styleUrl>#icon-seq2-4-2-FFEA00-nodesc-normal</styleUrl>
      </Pair>
      <Pair>
        <key>highlight</key>
        <styleUrl>#icon-seq2-4-2-FFEA00-nodesc-highlight</styleUrl>
      </Pair>
    </StyleMap>
    <Style id="icon-seq2-4-20-FFEA00-nodesc-normal">
      <IconStyle>
        <color>ff00eaff</color>
        <scale>1</scale>
        <Icon>
          <href>images/icon-87.png</href>
        </Icon>
      </IconStyle>
      <LabelStyle>
        <scale>0</scale>
      </LabelStyle>
      <BalloonStyle>
        <text><![CDATA[<h3>$[name]</h3>]]></text>
      </BalloonStyle>
    </Style>
    <Style id="icon-seq2-4-20-FFEA00-nodesc-highlight">
      <IconStyle>
        <color>ff00eaff</color>
        <scale>1</scale>
        <Icon>
          <href>images/icon-87.png</href>
        </Icon>
      </IconStyle>
      <LabelStyle>
        <scale>1</scale>
      </LabelStyle>
      <BalloonStyle>
        <text><![CDATA[<h3>$[name]</h3>]]></text>
      </BalloonStyle>
    </Style>
    <StyleMap id="icon-seq2-4-20-FFEA00-nodesc">
      <Pair>
        <key>normal</key>
        <styleUrl>#icon-seq2-4-20-FFEA00-nodesc-normal</styleUrl>
      </Pair>
      <Pair>
        <key>highlight</key>
        <styleUrl>#icon-seq2-4-20-FFEA00-nodesc-highlight</styleUrl>
      </Pair>
    </StyleMap>
    <Style id="icon-seq2-4-3-FFEA00-nodesc-normal">
      <IconStyle>
        <color>ff00eaff</color>
        <scale>1</scale>
        <Icon>
          <href>images/icon-70.png</href>
        </Icon>
      </IconStyle>
      <LabelStyle>
        <scale>0</scale>
      </LabelStyle>
      <BalloonStyle>
        <text><![CDATA[<h3>$[name]</h3>]]></text>
      </BalloonStyle>
    </Style>
    <Style id="icon-seq2-4-3-FFEA00-nodesc-highlight">
      <IconStyle>
        <color>ff00eaff</color>
        <scale>1</scale>
        <Icon>
          <href>images/icon-70.png</href>
        </Icon>
      </IconStyle>
      <LabelStyle>
        <scale>1</scale>
      </LabelStyle>
      <BalloonStyle>
        <text><![CDATA[<h3>$[name]</h3>]]></text>
      </BalloonStyle>
    </Style>
    <StyleMap id="icon-seq2-4-3-FFEA00-nodesc">
      <Pair>
        <key>normal</key>
        <styleUrl>#icon-seq2-4-3-FFEA00-nodesc-normal</styleUrl>
      </Pair>
      <Pair>
        <key>highlight</key>
        <styleUrl>#icon-seq2-4-3-FFEA00-nodesc-highlight</styleUrl>
      </Pair>
    </StyleMap>
    <Style id="icon-seq2-4-4-FFEA00-normal">
      <IconStyle>
        <color>ff00eaff</color>
        <scale>1</scale>
        <Icon>
          <href>images/icon-71.png</href>
        </Icon>
      </IconStyle>
      <LabelStyle>
        <scale>0</scale>
      </LabelStyle>
    </Style>
    <Style id="icon-seq2-4-4-FFEA00-highlight">
      <IconStyle>
        <color>ff00eaff</color>
        <scale>1</scale>
        <Icon>
          <href>images/icon-71.png</href>
        </Icon>
      </IconStyle>
      <LabelStyle>
        <scale>1</scale>
      </LabelStyle>
    </Style>
    <StyleMap id="icon-seq2-4-4-FFEA00">
      <Pair>
        <key>normal</key>
        <styleUrl>#icon-seq2-4-4-FFEA00-normal</styleUrl>
      </Pair>
      <Pair>
        <key>highlight</key>
        <styleUrl>#icon-seq2-4-4-FFEA00-highlight</styleUrl>
      </Pair>
    </StyleMap>
    <Style id="icon-seq2-4-5-FFEA00-nodesc-normal">
      <IconStyle>
        <color>ff00eaff</color>
        <scale>1</scale>
        <Icon>
          <href>images/icon-72.png</href>
        </Icon>
      </IconStyle>
      <LabelStyle>
        <scale>0</scale>
      </LabelStyle>
      <BalloonStyle>
        <text><![CDATA[<h3>$[name]</h3>]]></text>
      </BalloonStyle>
    </Style>
    <Style id="icon-seq2-4-5-FFEA00-nodesc-highlight">
      <IconStyle>
        <color>ff00eaff</color>
        <scale>1</scale>
        <Icon>
          <href>images/icon-72.png</href>
        </Icon>
      </IconStyle>
      <LabelStyle>
        <scale>1</scale>
      </LabelStyle>
      <BalloonStyle>
        <text><![CDATA[<h3>$[name]</h3>]]></text>
      </BalloonStyle>
    </Style>
    <StyleMap id="icon-seq2-4-5-FFEA00-nodesc">
      <Pair>
        <key>normal</key>
        <styleUrl>#icon-seq2-4-5-FFEA00-nodesc-normal</styleUrl>
      </Pair>
      <Pair>
        <key>highlight</key>
        <styleUrl>#icon-seq2-4-5-FFEA00-nodesc-highlight</styleUrl>
      </Pair>
    </StyleMap>
    <Style id="icon-seq2-4-6-FFEA00-normal">
      <IconStyle>
        <color>ff00eaff</color>
        <scale>1</scale>
        <Icon>
          <href>images/icon-73.png</href>
        </Icon>
      </IconStyle>
      <LabelStyle>
        <scale>0</scale>
      </LabelStyle>
    </Style>
    <Style id="icon-seq2-4-6-FFEA00-highlight">
      <IconStyle>
        <color>ff00eaff</color>
        <scale>1</scale>
        <Icon>
          <href>images/icon-73.png</href>
        </Icon>
      </IconStyle>
      <LabelStyle>
        <scale>1</scale>
      </LabelStyle>
    </Style>
    <StyleMap id="icon-seq2-4-6-FFEA00">
      <Pair>
        <key>normal</key>
        <styleUrl>#icon-seq2-4-6-FFEA00-normal</styleUrl>
      </Pair>
      <Pair>
        <key>highlight</key>
        <styleUrl>#icon-seq2-4-6-FFEA00-highlight</styleUrl>
      </Pair>
    </StyleMap>
    <Style id="icon-seq2-4-7-FFEA00-nodesc-normal">
      <IconStyle>
        <color>ff00eaff</color>
        <scale>1</scale>
        <Icon>
          <href>images/icon-74.png</href>
        </Icon>
      </IconStyle>
      <LabelStyle>
        <scale>0</scale>
      </LabelStyle>
      <BalloonStyle>
        <text><![CDATA[<h3>$[name]</h3>]]></text>
      </BalloonStyle>
    </Style>
    <Style id="icon-seq2-4-7-FFEA00-nodesc-highlight">
      <IconStyle>
        <color>ff00eaff</color>
        <scale>1</scale>
        <Icon>
          <href>images/icon-74.png</href>
        </Icon>
      </IconStyle>
      <LabelStyle>
        <scale>1</scale>
      </LabelStyle>
      <BalloonStyle>
        <text><![CDATA[<h3>$[name]</h3>]]></text>
      </BalloonStyle>
    </Style>
    <StyleMap id="icon-seq2-4-7-FFEA00-nodesc">
      <Pair>
        <key>normal</key>
        <styleUrl>#icon-seq2-4-7-FFEA00-nodesc-normal</styleUrl>
      </Pair>
      <Pair>
        <key>highlight</key>
        <styleUrl>#icon-seq2-4-7-FFEA00-nodesc-highlight</styleUrl>
      </Pair>
    </StyleMap>
    <Style id="icon-seq2-4-8-FFEA00-nodesc-normal">
      <IconStyle>
        <color>ff00eaff</color>
        <scale>1</scale>
        <Icon>
          <href>images/icon-75.png</href>
        </Icon>
      </IconStyle>
      <LabelStyle>
        <scale>0</scale>
      </LabelStyle>
      <BalloonStyle>
        <text><![CDATA[<h3>$[name]</h3>]]></text>
      </BalloonStyle>
    </Style>
    <Style id="icon-seq2-4-8-FFEA00-nodesc-highlight">
      <IconStyle>
        <color>ff00eaff</color>
        <scale>1</scale>
        <Icon>
          <href>images/icon-75.png</href>
        </Icon>
      </IconStyle>
      <LabelStyle>
        <scale>1</scale>
      </LabelStyle>
      <BalloonStyle>
        <text><![CDATA[<h3>$[name]</h3>]]></text>
      </BalloonStyle>
    </Style>
    <StyleMap id="icon-seq2-4-8-FFEA00-nodesc">
      <Pair>
        <key>normal</key>
        <styleUrl>#icon-seq2-4-8-FFEA00-nodesc-normal</styleUrl>
      </Pair>
      <Pair>
        <key>highlight</key>
        <styleUrl>#icon-seq2-4-8-FFEA00-nodesc-highlight</styleUrl>
      </Pair>
    </StyleMap>
    <Style id="icon-seq2-4-9-FFEA00-nodesc-normal">
      <IconStyle>
        <color>ff00eaff</color>
        <scale>1</scale>
        <Icon>
          <href>images/icon-76.png</href>
        </Icon>
      </IconStyle>
      <LabelStyle>
        <scale>0</scale>
      </LabelStyle>
      <BalloonStyle>
        <text><![CDATA[<h3>$[name]</h3>]]></text>
      </BalloonStyle>
    </Style>
    <Style id="icon-seq2-4-9-FFEA00-nodesc-highlight">
      <IconStyle>
        <color>ff00eaff</color>
        <scale>1</scale>
        <Icon>
          <href>images/icon-76.png</href>
        </Icon>
      </IconStyle>
      <LabelStyle>
        <scale>1</scale>
      </LabelStyle>
      <BalloonStyle>
        <text><![CDATA[<h3>$[name]</h3>]]></text>
      </BalloonStyle>
    </Style>
    <StyleMap id="icon-seq2-4-9-FFEA00-nodesc">
      <Pair>
        <key>normal</key>
        <styleUrl>#icon-seq2-4-9-FFEA00-nodesc-normal</styleUrl>
      </Pair>
      <Pair>
        <key>highlight</key>
        <styleUrl>#icon-seq2-4-9-FFEA00-nodesc-highlight</styleUrl>
      </Pair>
    </StyleMap>
    <Style id="icon-seq2-5-0-795548-nodesc-normal">
      <IconStyle>
        <color>ff485579</color>
        <scale>1</scale>
        <Icon>
          <href>images/icon-88.png</href>
        </Icon>
      </IconStyle>
      <LabelStyle>
        <scale>0</scale>
      </LabelStyle>
      <BalloonStyle>
        <text><![CDATA[<h3>$[name]</h3>]]></text>
      </BalloonStyle>
    </Style>
    <Style id="icon-seq2-5-0-795548-nodesc-highlight">
      <IconStyle>
        <color>ff485579</color>
        <scale>1</scale>
        <Icon>
          <href>images/icon-88.png</href>
        </Icon>
      </IconStyle>
      <LabelStyle>
        <scale>1</scale>
      </LabelStyle>
      <BalloonStyle>
        <text><![CDATA[<h3>$[name]</h3>]]></text>
      </BalloonStyle>
    </Style>
    <StyleMap id="icon-seq2-5-0-795548-nodesc">
      <Pair>
        <key>normal</key>
        <styleUrl>#icon-seq2-5-0-795548-nodesc-normal</styleUrl>
      </Pair>
      <Pair>
        <key>highlight</key>
        <styleUrl>#icon-seq2-5-0-795548-nodesc-highlight</styleUrl>
      </Pair>
    </StyleMap>
    <Style id="icon-seq2-5-1-795548-nodesc-normal">
      <IconStyle>
        <color>ff485579</color>
        <scale>1</scale>
        <Icon>
          <href>images/icon-89.png</href>
        </Icon>
      </IconStyle>
      <LabelStyle>
        <scale>0</scale>
      </LabelStyle>
      <BalloonStyle>
        <text><![CDATA[<h3>$[name]</h3>]]></text>
      </BalloonStyle>
    </Style>
    <Style id="icon-seq2-5-1-795548-nodesc-highlight">
      <IconStyle>
        <color>ff485579</color>
        <scale>1</scale>
        <Icon>
          <href>images/icon-89.png</href>
        </Icon>
      </IconStyle>
      <LabelStyle>
        <scale>1</scale>
      </LabelStyle>
      <BalloonStyle>
        <text><![CDATA[<h3>$[name]</h3>]]></text>
      </BalloonStyle>
    </Style>
    <StyleMap id="icon-seq2-5-1-795548-nodesc">
      <Pair>
        <key>normal</key>
        <styleUrl>#icon-seq2-5-1-795548-nodesc-normal</styleUrl>
      </Pair>
      <Pair>
        <key>highlight</key>
        <styleUrl>#icon-seq2-5-1-795548-nodesc-highlight</styleUrl>
      </Pair>
    </StyleMap>
    <Style id="icon-seq2-5-2-795548-nodesc-normal">
      <IconStyle>
        <color>ff485579</color>
        <scale>1</scale>
        <Icon>
          <href>images/icon-90.png</href>
        </Icon>
      </IconStyle>
      <LabelStyle>
        <scale>0</scale>
      </LabelStyle>
      <BalloonStyle>
        <text><![CDATA[<h3>$[name]</h3>]]></text>
      </BalloonStyle>
    </Style>
    <Style id="icon-seq2-5-2-795548-nodesc-highlight">
      <IconStyle>
        <color>ff485579</color>
        <scale>1</scale>
        <Icon>
          <href>images/icon-90.png</href>
        </Icon>
      </IconStyle>
      <LabelStyle>
        <scale>1</scale>
      </LabelStyle>
      <BalloonStyle>
        <text><![CDATA[<h3>$[name]</h3>]]></text>
      </BalloonStyle>
    </Style>
    <StyleMap id="icon-seq2-5-2-795548-nodesc">
      <Pair>
        <key>normal</key>
        <styleUrl>#icon-seq2-5-2-795548-nodesc-normal</styleUrl>
      </Pair>
      <Pair>
        <key>highlight</key>
        <styleUrl>#icon-seq2-5-2-795548-nodesc-highlight</styleUrl>
      </Pair>
    </StyleMap>
    <Style id="icon-seq2-5-3-795548-nodesc-normal">
      <IconStyle>
        <color>ff485579</color>
        <scale>1</scale>
        <Icon>
          <href>images/icon-91.png</href>
        </Icon>
      </IconStyle>
      <LabelStyle>
        <scale>0</scale>
      </LabelStyle>
      <BalloonStyle>
        <text><![CDATA[<h3>$[name]</h3>]]></text>
      </BalloonStyle>
    </Style>
    <Style id="icon-seq2-5-3-795548-nodesc-highlight">
      <IconStyle>
        <color>ff485579</color>
        <scale>1</scale>
        <Icon>
          <href>images/icon-91.png</href>
        </Icon>
      </IconStyle>
      <LabelStyle>
        <scale>1</scale>
      </LabelStyle>
      <BalloonStyle>
        <text><![CDATA[<h3>$[name]</h3>]]></text>
      </BalloonStyle>
    </Style>
    <StyleMap id="icon-seq2-5-3-795548-nodesc">
      <Pair>
        <key>normal</key>
        <styleUrl>#icon-seq2-5-3-795548-nodesc-normal</styleUrl>
      </Pair>
      <Pair>
        <key>highlight</key>
        <styleUrl>#icon-seq2-5-3-795548-nodesc-highlight</styleUrl>
      </Pair>
    </StyleMap>
    <Style id="icon-seq2-5-4-795548-nodesc-normal">
      <IconStyle>
        <color>ff485579</color>
        <scale>1</scale>
        <Icon>
          <href>images/icon-92.png</href>
        </Icon>
      </IconStyle>
      <LabelStyle>
        <scale>0</scale>
      </LabelStyle>
      <BalloonStyle>
        <text><![CDATA[<h3>$[name]</h3>]]></text>
      </BalloonStyle>
    </Style>
    <Style id="icon-seq2-5-4-795548-nodesc-highlight">
      <IconStyle>
        <color>ff485579</color>
        <scale>1</scale>
        <Icon>
          <href>images/icon-92.png</href>
        </Icon>
      </IconStyle>
      <LabelStyle>
        <scale>1</scale>
      </LabelStyle>
      <BalloonStyle>
        <text><![CDATA[<h3>$[name]</h3>]]></text>
      </BalloonStyle>
    </Style>
    <StyleMap id="icon-seq2-5-4-795548-nodesc">
      <Pair>
        <key>normal</key>
        <styleUrl>#icon-seq2-5-4-795548-nodesc-normal</styleUrl>
      </Pair>
      <Pair>
        <key>highlight</key>
        <styleUrl>#icon-seq2-5-4-795548-nodesc-highlight</styleUrl>
      </Pair>
    </StyleMap>
    <Style id="icon-seq2-5-5-795548-nodesc-normal">
      <IconStyle>
        <color>ff485579</color>
        <scale>1</scale>
        <Icon>
          <href>images/icon-93.png</href>
        </Icon>
      </IconStyle>
      <LabelStyle>
        <scale>0</scale>
      </LabelStyle>
      <BalloonStyle>
        <text><![CDATA[<h3>$[name]</h3>]]></text>
      </BalloonStyle>
    </Style>
    <Style id="icon-seq2-5-5-795548-nodesc-highlight">
      <IconStyle>
        <color>ff485579</color>
        <scale>1</scale>
        <Icon>
          <href>images/icon-93.png</href>
        </Icon>
      </IconStyle>
      <LabelStyle>
        <scale>1</scale>
      </LabelStyle>
      <BalloonStyle>
        <text><![CDATA[<h3>$[name]</h3>]]></text>
      </BalloonStyle>
    </Style>
    <StyleMap id="icon-seq2-5-5-795548-nodesc">
      <Pair>
        <key>normal</key>
        <styleUrl>#icon-seq2-5-5-795548-nodesc-normal</styleUrl>
      </Pair>
      <Pair>
        <key>highlight</key>
        <styleUrl>#icon-seq2-5-5-795548-nodesc-highlight</styleUrl>
      </Pair>
    </StyleMap>
    <Style id="icon-seq2-5-6-795548-nodesc-normal">
      <IconStyle>
        <color>ff485579</color>
        <scale>1</scale>
        <Icon>
          <href>images/icon-94.png</href>
        </Icon>
      </IconStyle>
      <LabelStyle>
        <scale>0</scale>
      </LabelStyle>
      <BalloonStyle>
        <text><![CDATA[<h3>$[name]</h3>]]></text>
      </BalloonStyle>
    </Style>
    <Style id="icon-seq2-5-6-795548-nodesc-highlight">
      <IconStyle>
        <color>ff485579</color>
        <scale>1</scale>
        <Icon>
          <href>images/icon-94.png</href>
        </Icon>
      </IconStyle>
      <LabelStyle>
        <scale>1</scale>
      </LabelStyle>
      <BalloonStyle>
        <text><![CDATA[<h3>$[name]</h3>]]></text>
      </BalloonStyle>
    </Style>
    <StyleMap id="icon-seq2-5-6-795548-nodesc">
      <Pair>
        <key>normal</key>
        <styleUrl>#icon-seq2-5-6-795548-nodesc-normal</styleUrl>
      </Pair>
      <Pair>
        <key>highlight</key>
        <styleUrl>#icon-seq2-5-6-795548-nodesc-highlight</styleUrl>
      </Pair>
    </StyleMap>
    <Style id="icon-seq2-6-0-000000-nodesc-normal">
      <IconStyle>
        <color>ff000000</color>
        <scale>1</scale>
        <Icon>
          <href>images/icon-95.png</href>
        </Icon>
      </IconStyle>
      <LabelStyle>
        <scale>0</scale>
      </LabelStyle>
      <BalloonStyle>
        <text><![CDATA[<h3>$[name]</h3>]]></text>
      </BalloonStyle>
    </Style>
    <Style id="icon-seq2-6-0-000000-nodesc-highlight">
      <IconStyle>
        <color>ff000000</color>
        <scale>1</scale>
        <Icon>
          <href>images/icon-95.png</href>
        </Icon>
      </IconStyle>
      <LabelStyle>
        <scale>1</scale>
      </LabelStyle>
      <BalloonStyle>
        <text><![CDATA[<h3>$[name]</h3>]]></text>
      </BalloonStyle>
    </Style>
    <StyleMap id="icon-seq2-6-0-000000-nodesc">
      <Pair>
        <key>normal</key>
        <styleUrl>#icon-seq2-6-0-000000-nodesc-normal</styleUrl>
      </Pair>
      <Pair>
        <key>highlight</key>
        <styleUrl>#icon-seq2-6-0-000000-nodesc-highlight</styleUrl>
      </Pair>
    </StyleMap>
    <Style id="icon-seq2-6-1-000000-nodesc-normal">
      <IconStyle>
        <color>ff000000</color>
        <scale>1</scale>
        <Icon>
          <href>images/icon-96.png</href>
        </Icon>
      </IconStyle>
      <LabelStyle>
        <scale>0</scale>
      </LabelStyle>
      <BalloonStyle>
        <text><![CDATA[<h3>$[name]</h3>]]></text>
      </BalloonStyle>
    </Style>
    <Style id="icon-seq2-6-1-000000-nodesc-highlight">
      <IconStyle>
        <color>ff000000</color>
        <scale>1</scale>
        <Icon>
          <href>images/icon-96.png</href>
        </Icon>
      </IconStyle>
      <LabelStyle>
        <scale>1</scale>
      </LabelStyle>
      <BalloonStyle>
        <text><![CDATA[<h3>$[name]</h3>]]></text>
      </BalloonStyle>
    </Style>
    <StyleMap id="icon-seq2-6-1-000000-nodesc">
      <Pair>
        <key>normal</key>
        <styleUrl>#icon-seq2-6-1-000000-nodesc-normal</styleUrl>
      </Pair>
      <Pair>
        <key>highlight</key>
        <styleUrl>#icon-seq2-6-1-000000-nodesc-highlight</styleUrl>
      </Pair>
    </StyleMap>
    <Style id="icon-seq2-6-10-000000-nodesc-normal">
      <IconStyle>
        <color>ff000000</color>
        <scale>1</scale>
        <Icon>
          <href>images/icon-105.png</href>
        </Icon>
      </IconStyle>
      <LabelStyle>
        <scale>0</scale>
      </LabelStyle>
      <BalloonStyle>
        <text><![CDATA[<h3>$[name]</h3>]]></text>
      </BalloonStyle>
    </Style>
    <Style id="icon-seq2-6-10-000000-nodesc-highlight">
      <IconStyle>
        <color>ff000000</color>
        <scale>1</scale>
        <Icon>
          <href>images/icon-105.png</href>
        </Icon>
      </IconStyle>
      <LabelStyle>
        <scale>1</scale>
      </LabelStyle>
      <BalloonStyle>
        <text><![CDATA[<h3>$[name]</h3>]]></text>
      </BalloonStyle>
    </Style>
    <StyleMap id="icon-seq2-6-10-000000-nodesc">
      <Pair>
        <key>normal</key>
        <styleUrl>#icon-seq2-6-10-000000-nodesc-normal</styleUrl>
      </Pair>
      <Pair>
        <key>highlight</key>
        <styleUrl>#icon-seq2-6-10-000000-nodesc-highlight</styleUrl>
      </Pair>
    </StyleMap>
    <Style id="icon-seq2-6-11-000000-nodesc-normal">
      <IconStyle>
        <color>ff000000</color>
        <scale>1</scale>
        <Icon>
          <href>images/icon-106.png</href>
        </Icon>
      </IconStyle>
      <LabelStyle>
        <scale>0</scale>
      </LabelStyle>
      <BalloonStyle>
        <text><![CDATA[<h3>$[name]</h3>]]></text>
      </BalloonStyle>
    </Style>
    <Style id="icon-seq2-6-11-000000-nodesc-highlight">
      <IconStyle>
        <color>ff000000</color>
        <scale>1</scale>
        <Icon>
          <href>images/icon-106.png</href>
        </Icon>
      </IconStyle>
      <LabelStyle>
        <scale>1</scale>
      </LabelStyle>
      <BalloonStyle>
        <text><![CDATA[<h3>$[name]</h3>]]></text>
      </BalloonStyle>
    </Style>
    <StyleMap id="icon-seq2-6-11-000000-nodesc">
      <Pair>
        <key>normal</key>
        <styleUrl>#icon-seq2-6-11-000000-nodesc-normal</styleUrl>
      </Pair>
      <Pair>
        <key>highlight</key>
        <styleUrl>#icon-seq2-6-11-000000-nodesc-highlight</styleUrl>
      </Pair>
    </StyleMap>
    <Style id="icon-seq2-6-12-000000-nodesc-normal">
      <IconStyle>
        <color>ff000000</color>
        <scale>1</scale>
        <Icon>
          <href>images/icon-107.png</href>
        </Icon>
      </IconStyle>
      <LabelStyle>
        <scale>0</scale>
      </LabelStyle>
      <BalloonStyle>
        <text><![CDATA[<h3>$[name]</h3>]]></text>
      </BalloonStyle>
    </Style>
    <Style id="icon-seq2-6-12-000000-nodesc-highlight">
      <IconStyle>
        <color>ff000000</color>
        <scale>1</scale>
        <Icon>
          <href>images/icon-107.png</href>
        </Icon>
      </IconStyle>
      <LabelStyle>
        <scale>1</scale>
      </LabelStyle>
      <BalloonStyle>
        <text><![CDATA[<h3>$[name]</h3>]]></text>
      </BalloonStyle>
    </Style>
    <StyleMap id="icon-seq2-6-12-000000-nodesc">
      <Pair>
        <key>normal</key>
        <styleUrl>#icon-seq2-6-12-000000-nodesc-normal</styleUrl>
      </Pair>
      <Pair>
        <key>highlight</key>
        <styleUrl>#icon-seq2-6-12-000000-nodesc-highlight</styleUrl>
      </Pair>
    </StyleMap>
    <Style id="icon-seq2-6-13-000000-nodesc-normal">
      <IconStyle>
        <color>ff000000</color>
        <scale>1</scale>
        <Icon>
          <href>images/icon-108.png</href>
        </Icon>
      </IconStyle>
      <LabelStyle>
        <scale>0</scale>
      </LabelStyle>
      <BalloonStyle>
        <text><![CDATA[<h3>$[name]</h3>]]></text>
      </BalloonStyle>
    </Style>
    <Style id="icon-seq2-6-13-000000-nodesc-highlight">
      <IconStyle>
        <color>ff000000</color>
        <scale>1</scale>
        <Icon>
          <href>images/icon-108.png</href>
        </Icon>
      </IconStyle>
      <LabelStyle>
        <scale>1</scale>
      </LabelStyle>
      <BalloonStyle>
        <text><![CDATA[<h3>$[name]</h3>]]></text>
      </BalloonStyle>
    </Style>
    <StyleMap id="icon-seq2-6-13-000000-nodesc">
      <Pair>
        <key>normal</key>
        <styleUrl>#icon-seq2-6-13-000000-nodesc-normal</styleUrl>
      </Pair>
      <Pair>
        <key>highlight</key>
        <styleUrl>#icon-seq2-6-13-000000-nodesc-highlight</styleUrl>
      </Pair>
    </StyleMap>
    <Style id="icon-seq2-6-14-000000-nodesc-normal">
      <IconStyle>
        <color>ff000000</color>
        <scale>1</scale>
        <Icon>
          <href>images/icon-109.png</href>
        </Icon>
      </IconStyle>
      <LabelStyle>
        <scale>0</scale>
      </LabelStyle>
      <BalloonStyle>
        <text><![CDATA[<h3>$[name]</h3>]]></text>
      </BalloonStyle>
    </Style>
    <Style id="icon-seq2-6-14-000000-nodesc-highlight">
      <IconStyle>
        <color>ff000000</color>
        <scale>1</scale>
        <Icon>
          <href>images/icon-109.png</href>
        </Icon>
      </IconStyle>
      <LabelStyle>
        <scale>1</scale>
      </LabelStyle>
      <BalloonStyle>
        <text><![CDATA[<h3>$[name]</h3>]]></text>
      </BalloonStyle>
    </Style>
    <StyleMap id="icon-seq2-6-14-000000-nodesc">
      <Pair>
        <key>normal</key>
        <styleUrl>#icon-seq2-6-14-000000-nodesc-normal</styleUrl>
      </Pair>
      <Pair>
        <key>highlight</key>
        <styleUrl>#icon-seq2-6-14-000000-nodesc-highlight</styleUrl>
      </Pair>
    </StyleMap>
    <Style id="icon-seq2-6-15-000000-nodesc-normal">
      <IconStyle>
        <color>ff000000</color>
        <scale>1</scale>
        <Icon>
          <href>images/icon-110.png</href>
        </Icon>
      </IconStyle>
      <LabelStyle>
        <scale>0</scale>
      </LabelStyle>
      <BalloonStyle>
        <text><![CDATA[<h3>$[name]</h3>]]></text>
      </BalloonStyle>
    </Style>
    <Style id="icon-seq2-6-15-000000-nodesc-highlight">
      <IconStyle>
        <color>ff000000</color>
        <scale>1</scale>
        <Icon>
          <href>images/icon-110.png</href>
        </Icon>
      </IconStyle>
      <LabelStyle>
        <scale>1</scale>
      </LabelStyle>
      <BalloonStyle>
        <text><![CDATA[<h3>$[name]</h3>]]></text>
      </BalloonStyle>
    </Style>
    <StyleMap id="icon-seq2-6-15-000000-nodesc">
      <Pair>
        <key>normal</key>
        <styleUrl>#icon-seq2-6-15-000000-nodesc-normal</styleUrl>
      </Pair>
      <Pair>
        <key>highlight</key>
        <styleUrl>#icon-seq2-6-15-000000-nodesc-highlight</styleUrl>
      </Pair>
    </StyleMap>
    <Style id="icon-seq2-6-16-000000-nodesc-normal">
      <IconStyle>
        <color>ff000000</color>
        <scale>1</scale>
        <Icon>
          <href>images/icon-111.png</href>
        </Icon>
      </IconStyle>
      <LabelStyle>
        <scale>0</scale>
      </LabelStyle>
      <BalloonStyle>
        <text><![CDATA[<h3>$[name]</h3>]]></text>
      </BalloonStyle>
    </Style>
    <Style id="icon-seq2-6-16-000000-nodesc-highlight">
      <IconStyle>
        <color>ff000000</color>
        <scale>1</scale>
        <Icon>
          <href>images/icon-111.png</href>
        </Icon>
      </IconStyle>
      <LabelStyle>
        <scale>1</scale>
      </LabelStyle>
      <BalloonStyle>
        <text><![CDATA[<h3>$[name]</h3>]]></text>
      </BalloonStyle>
    </Style>
    <StyleMap id="icon-seq2-6-16-000000-nodesc">
      <Pair>
        <key>normal</key>
        <styleUrl>#icon-seq2-6-16-000000-nodesc-normal</styleUrl>
      </Pair>
      <Pair>
        <key>highlight</key>
        <styleUrl>#icon-seq2-6-16-000000-nodesc-highlight</styleUrl>
      </Pair>
    </StyleMap>
    <Style id="icon-seq2-6-17-000000-nodesc-normal">
      <IconStyle>
        <color>ff000000</color>
        <scale>1</scale>
        <Icon>
          <href>images/icon-112.png</href>
        </Icon>
      </IconStyle>
      <LabelStyle>
        <scale>0</scale>
      </LabelStyle>
      <BalloonStyle>
        <text><![CDATA[<h3>$[name]</h3>]]></text>
      </BalloonStyle>
    </Style>
    <Style id="icon-seq2-6-17-000000-nodesc-highlight">
      <IconStyle>
        <color>ff000000</color>
        <scale>1</scale>
        <Icon>
          <href>images/icon-112.png</href>
        </Icon>
      </IconStyle>
      <LabelStyle>
        <scale>1</scale>
      </LabelStyle>
      <BalloonStyle>
        <text><![CDATA[<h3>$[name]</h3>]]></text>
      </BalloonStyle>
    </Style>
    <StyleMap id="icon-seq2-6-17-000000-nodesc">
      <Pair>
        <key>normal</key>
        <styleUrl>#icon-seq2-6-17-000000-nodesc-normal</styleUrl>
      </Pair>
      <Pair>
        <key>highlight</key>
        <styleUrl>#icon-seq2-6-17-000000-nodesc-highlight</styleUrl>
      </Pair>
    </StyleMap>
    <Style id="icon-seq2-6-18-000000-nodesc-normal">
      <IconStyle>
        <color>ff000000</color>
        <scale>1</scale>
        <Icon>
          <href>images/icon-113.png</href>
        </Icon>
      </IconStyle>
      <LabelStyle>
        <scale>0</scale>
      </LabelStyle>
      <BalloonStyle>
        <text><![CDATA[<h3>$[name]</h3>]]></text>
      </BalloonStyle>
    </Style>
    <Style id="icon-seq2-6-18-000000-nodesc-highlight">
      <IconStyle>
        <color>ff000000</color>
        <scale>1</scale>
        <Icon>
          <href>images/icon-113.png</href>
        </Icon>
      </IconStyle>
      <LabelStyle>
        <scale>1</scale>
      </LabelStyle>
      <BalloonStyle>
        <text><![CDATA[<h3>$[name]</h3>]]></text>
      </BalloonStyle>
    </Style>
    <StyleMap id="icon-seq2-6-18-000000-nodesc">
      <Pair>
        <key>normal</key>
        <styleUrl>#icon-seq2-6-18-000000-nodesc-normal</styleUrl>
      </Pair>
      <Pair>
        <key>highlight</key>
        <styleUrl>#icon-seq2-6-18-000000-nodesc-highlight</styleUrl>
      </Pair>
    </StyleMap>
    <Style id="icon-seq2-6-19-000000-nodesc-normal">
      <IconStyle>
        <color>ff000000</color>
        <scale>1</scale>
        <Icon>
          <href>images/icon-114.png</href>
        </Icon>
      </IconStyle>
      <LabelStyle>
        <scale>0</scale>
      </LabelStyle>
      <BalloonStyle>
        <text><![CDATA[<h3>$[name]</h3>]]></text>
      </BalloonStyle>
    </Style>
    <Style id="icon-seq2-6-19-000000-nodesc-highlight">
      <IconStyle>
        <color>ff000000</color>
        <scale>1</scale>
        <Icon>
          <href>images/icon-114.png</href>
        </Icon>
      </IconStyle>
      <LabelStyle>
        <scale>1</scale>
      </LabelStyle>
      <BalloonStyle>
        <text><![CDATA[<h3>$[name]</h3>]]></text>
      </BalloonStyle>
    </Style>
    <StyleMap id="icon-seq2-6-19-000000-nodesc">
      <Pair>
        <key>normal</key>
        <styleUrl>#icon-seq2-6-19-000000-nodesc-normal</styleUrl>
      </Pair>
      <Pair>
        <key>highlight</key>
        <styleUrl>#icon-seq2-6-19-000000-nodesc-highlight</styleUrl>
      </Pair>
    </StyleMap>
    <Style id="icon-seq2-6-2-000000-nodesc-normal">
      <IconStyle>
        <color>ff000000</color>
        <scale>1</scale>
        <Icon>
          <href>images/icon-97.png</href>
        </Icon>
      </IconStyle>
      <LabelStyle>
        <scale>0</scale>
      </LabelStyle>
      <BalloonStyle>
        <text><![CDATA[<h3>$[name]</h3>]]></text>
      </BalloonStyle>
    </Style>
    <Style id="icon-seq2-6-2-000000-nodesc-highlight">
      <IconStyle>
        <color>ff000000</color>
        <scale>1</scale>
        <Icon>
          <href>images/icon-97.png</href>
        </Icon>
      </IconStyle>
      <LabelStyle>
        <scale>1</scale>
      </LabelStyle>
      <BalloonStyle>
        <text><![CDATA[<h3>$[name]</h3>]]></text>
      </BalloonStyle>
    </Style>
    <StyleMap id="icon-seq2-6-2-000000-nodesc">
      <Pair>
        <key>normal</key>
        <styleUrl>#icon-seq2-6-2-000000-nodesc-normal</styleUrl>
      </Pair>
      <Pair>
        <key>highlight</key>
        <styleUrl>#icon-seq2-6-2-000000-nodesc-highlight</styleUrl>
      </Pair>
    </StyleMap>
    <Style id="icon-seq2-6-3-000000-nodesc-normal">
      <IconStyle>
        <color>ff000000</color>
        <scale>1</scale>
        <Icon>
          <href>images/icon-98.png</href>
        </Icon>
      </IconStyle>
      <LabelStyle>
        <scale>0</scale>
      </LabelStyle>
      <BalloonStyle>
        <text><![CDATA[<h3>$[name]</h3>]]></text>
      </BalloonStyle>
    </Style>
    <Style id="icon-seq2-6-3-000000-nodesc-highlight">
      <IconStyle>
        <color>ff000000</color>
        <scale>1</scale>
        <Icon>
          <href>images/icon-98.png</href>
        </Icon>
      </IconStyle>
      <LabelStyle>
        <scale>1</scale>
      </LabelStyle>
      <BalloonStyle>
        <text><![CDATA[<h3>$[name]</h3>]]></text>
      </BalloonStyle>
    </Style>
    <StyleMap id="icon-seq2-6-3-000000-nodesc">
      <Pair>
        <key>normal</key>
        <styleUrl>#icon-seq2-6-3-000000-nodesc-normal</styleUrl>
      </Pair>
      <Pair>
        <key>highlight</key>
        <styleUrl>#icon-seq2-6-3-000000-nodesc-highlight</styleUrl>
      </Pair>
    </StyleMap>
    <Style id="icon-seq2-6-4-000000-nodesc-normal">
      <IconStyle>
        <color>ff000000</color>
        <scale>1</scale>
        <Icon>
          <href>images/icon-99.png</href>
        </Icon>
      </IconStyle>
      <LabelStyle>
        <scale>0</scale>
      </LabelStyle>
      <BalloonStyle>
        <text><![CDATA[<h3>$[name]</h3>]]></text>
      </BalloonStyle>
    </Style>
    <Style id="icon-seq2-6-4-000000-nodesc-highlight">
      <IconStyle>
        <color>ff000000</color>
        <scale>1</scale>
        <Icon>
          <href>images/icon-99.png</href>
        </Icon>
      </IconStyle>
      <LabelStyle>
        <scale>1</scale>
      </LabelStyle>
      <BalloonStyle>
        <text><![CDATA[<h3>$[name]</h3>]]></text>
      </BalloonStyle>
    </Style>
    <StyleMap id="icon-seq2-6-4-000000-nodesc">
      <Pair>
        <key>normal</key>
        <styleUrl>#icon-seq2-6-4-000000-nodesc-normal</styleUrl>
      </Pair>
      <Pair>
        <key>highlight</key>
        <styleUrl>#icon-seq2-6-4-000000-nodesc-highlight</styleUrl>
      </Pair>
    </StyleMap>
    <Style id="icon-seq2-6-5-000000-nodesc-normal">
      <IconStyle>
        <color>ff000000</color>
        <scale>1</scale>
        <Icon>
          <href>images/icon-100.png</href>
        </Icon>
      </IconStyle>
      <LabelStyle>
        <scale>0</scale>
      </LabelStyle>
      <BalloonStyle>
        <text><![CDATA[<h3>$[name]</h3>]]></text>
      </BalloonStyle>
    </Style>
    <Style id="icon-seq2-6-5-000000-nodesc-highlight">
      <IconStyle>
        <color>ff000000</color>
        <scale>1</scale>
        <Icon>
          <href>images/icon-100.png</href>
        </Icon>
      </IconStyle>
      <LabelStyle>
        <scale>1</scale>
      </LabelStyle>
      <BalloonStyle>
        <text><![CDATA[<h3>$[name]</h3>]]></text>
      </BalloonStyle>
    </Style>
    <StyleMap id="icon-seq2-6-5-000000-nodesc">
      <Pair>
        <key>normal</key>
        <styleUrl>#icon-seq2-6-5-000000-nodesc-normal</styleUrl>
      </Pair>
      <Pair>
        <key>highlight</key>
        <styleUrl>#icon-seq2-6-5-000000-nodesc-highlight</styleUrl>
      </Pair>
    </StyleMap>
    <Style id="icon-seq2-6-6-000000-nodesc-normal">
      <IconStyle>
        <color>ff000000</color>
        <scale>1</scale>
        <Icon>
          <href>images/icon-101.png</href>
        </Icon>
      </IconStyle>
      <LabelStyle>
        <scale>0</scale>
      </LabelStyle>
      <BalloonStyle>
        <text><![CDATA[<h3>$[name]</h3>]]></text>
      </BalloonStyle>
    </Style>
    <Style id="icon-seq2-6-6-000000-nodesc-highlight">
      <IconStyle>
        <color>ff000000</color>
        <scale>1</scale>
        <Icon>
          <href>images/icon-101.png</href>
        </Icon>
      </IconStyle>
      <LabelStyle>
        <scale>1</scale>
      </LabelStyle>
      <BalloonStyle>
        <text><![CDATA[<h3>$[name]</h3>]]></text>
      </BalloonStyle>
    </Style>
    <StyleMap id="icon-seq2-6-6-000000-nodesc">
      <Pair>
        <key>normal</key>
        <styleUrl>#icon-seq2-6-6-000000-nodesc-normal</styleUrl>
      </Pair>
      <Pair>
        <key>highlight</key>
        <styleUrl>#icon-seq2-6-6-000000-nodesc-highlight</styleUrl>
      </Pair>
    </StyleMap>
    <Style id="icon-seq2-6-7-000000-nodesc-normal">
      <IconStyle>
        <color>ff000000</color>
        <scale>1</scale>
        <Icon>
          <href>images/icon-102.png</href>
        </Icon>
      </IconStyle>
      <LabelStyle>
        <scale>0</scale>
      </LabelStyle>
      <BalloonStyle>
        <text><![CDATA[<h3>$[name]</h3>]]></text>
      </BalloonStyle>
    </Style>
    <Style id="icon-seq2-6-7-000000-nodesc-highlight">
      <IconStyle>
        <color>ff000000</color>
        <scale>1</scale>
        <Icon>
          <href>images/icon-102.png</href>
        </Icon>
      </IconStyle>
      <LabelStyle>
        <scale>1</scale>
      </LabelStyle>
      <BalloonStyle>
        <text><![CDATA[<h3>$[name]</h3>]]></text>
      </BalloonStyle>
    </Style>
    <StyleMap id="icon-seq2-6-7-000000-nodesc">
      <Pair>
        <key>normal</key>
        <styleUrl>#icon-seq2-6-7-000000-nodesc-normal</styleUrl>
      </Pair>
      <Pair>
        <key>highlight</key>
        <styleUrl>#icon-seq2-6-7-000000-nodesc-highlight</styleUrl>
      </Pair>
    </StyleMap>
    <Style id="icon-seq2-6-8-000000-nodesc-normal">
      <IconStyle>
        <color>ff000000</color>
        <scale>1</scale>
        <Icon>
          <href>images/icon-103.png</href>
        </Icon>
      </IconStyle>
      <LabelStyle>
        <scale>0</scale>
      </LabelStyle>
      <BalloonStyle>
        <text><![CDATA[<h3>$[name]</h3>]]></text>
      </BalloonStyle>
    </Style>
    <Style id="icon-seq2-6-8-000000-nodesc-highlight">
      <IconStyle>
        <color>ff000000</color>
        <scale>1</scale>
        <Icon>
          <href>images/icon-103.png</href>
        </Icon>
      </IconStyle>
      <LabelStyle>
        <scale>1</scale>
      </LabelStyle>
      <BalloonStyle>
        <text><![CDATA[<h3>$[name]</h3>]]></text>
      </BalloonStyle>
    </Style>
    <StyleMap id="icon-seq2-6-8-000000-nodesc">
      <Pair>
        <key>normal</key>
        <styleUrl>#icon-seq2-6-8-000000-nodesc-normal</styleUrl>
      </Pair>
      <Pair>
        <key>highlight</key>
        <styleUrl>#icon-seq2-6-8-000000-nodesc-highlight</styleUrl>
      </Pair>
    </StyleMap>
    <Style id="icon-seq2-6-9-000000-nodesc-normal">
      <IconStyle>
        <color>ff000000</color>
        <scale>1</scale>
        <Icon>
          <href>images/icon-104.png</href>
        </Icon>
      </IconStyle>
      <LabelStyle>
        <scale>0</scale>
      </LabelStyle>
      <BalloonStyle>
        <text><![CDATA[<h3>$[name]</h3>]]></text>
      </BalloonStyle>
    </Style>
    <Style id="icon-seq2-6-9-000000-nodesc-highlight">
      <IconStyle>
        <color>ff000000</color>
        <scale>1</scale>
        <Icon>
          <href>images/icon-104.png</href>
        </Icon>
      </IconStyle>
      <LabelStyle>
        <scale>1</scale>
      </LabelStyle>
      <BalloonStyle>
        <text><![CDATA[<h3>$[name]</h3>]]></text>
      </BalloonStyle>
    </Style>
    <StyleMap id="icon-seq2-6-9-000000-nodesc">
      <Pair>
        <key>normal</key>
        <styleUrl>#icon-seq2-6-9-000000-nodesc-normal</styleUrl>
      </Pair>
      <Pair>
        <key>highlight</key>
        <styleUrl>#icon-seq2-6-9-000000-nodesc-highlight</styleUrl>
      </Pair>
    </StyleMap>
    <Folder>
      <name>1구간 (샌프란시스코 ~ 요세미티) - 26.10.02 ~ 26.10.03</name>
      <Placemark>
        <name>샌프란시스코 국제공항</name>
        <styleUrl>#icon-seq2-0-0-0288D1-nodesc</styleUrl>
        <Point>
          <coordinates>
            -122.3816274,37.6191145,0
          </coordinates>
        </Point>
      </Placemark>
      <Placemark>
        <name>호텔 버티고 샌프란시스코</name>
        <styleUrl>#icon-seq2-0-1-0288D1-nodesc</styleUrl>
        <Point>
          <coordinates>
            -122.415953,37.788604,0
          </coordinates>
        </Point>
      </Placemark>
      <Placemark>
        <name>Powell St</name>
        <styleUrl>#icon-seq2-0-2-0288D1-nodesc</styleUrl>
        <Point>
          <coordinates>
            -122.4079981,37.7843693,0
          </coordinates>
        </Point>
      </Placemark>
      <Placemark>
        <name>더블린 / 플레전턴</name>
        <styleUrl>#icon-seq2-0-3-0288D1-nodesc</styleUrl>
        <Point>
          <coordinates>
            -121.8993134,37.7016466,0
          </coordinates>
        </Point>
      </Placemark>
      <Placemark>
        <name>El Monte RV Rentals (픽업) - 10시</name>
        <styleUrl>#icon-seq2-0-4-0288D1-nodesc</styleUrl>
        <Point>
          <coordinates>
            -121.9059504,37.7034641,0
          </coordinates>
        </Point>
      </Placemark>
      <Placemark>
        <name>Walmart (장보기)</name>
        <styleUrl>#icon-seq2-0-5-0288D1-nodesc</styleUrl>
        <Point>
          <coordinates>
            -121.0370526,37.6731324,0
          </coordinates>
        </Point>
      </Placemark>
      <Placemark>
        <name>캠핑카 1박 (노지)</name>
        <styleUrl>#icon-seq2-0-6-0288D1-nodesc</styleUrl>
        <Point>
          <coordinates>
            -120.3488936,37.8319865,0
          </coordinates>
        </Point>
      </Placemark>
      <Placemark>
        <name>Big Oak Flat Information Station (연간패스 구매)</name>
        <styleUrl>#icon-seq2-0-7-0288D1-nodesc</styleUrl>
        <Point>
          <coordinates>
            -119.8754638,37.800117,0
          </coordinates>
        </Point>
      </Placemark>
      <Placemark>
        <name>요세미티 - 1. 터널 뷰</name>
        <styleUrl>#icon-seq2-0-8-0288D1-nodesc</styleUrl>
        <Point>
          <coordinates>
            -119.6769058,37.7155466,0
          </coordinates>
        </Point>
      </Placemark>
      <Placemark>
        <name>브리달벌 폴 파킹 에어리어</name>
        <styleUrl>#icon-seq2-0-9-0288D1-nodesc</styleUrl>
        <Point>
          <coordinates>
            -119.6513848,37.7167725,0
          </coordinates>
        </Point>
      </Placemark>
      <Placemark>
        <name>요세미티 - 2. Bridalveil Fall</name>
        <styleUrl>#icon-seq2-0-10-0288D1-nodesc</styleUrl>
        <Point>
          <coordinates>
            -119.6463888,37.716669,0
          </coordinates>
        </Point>
      </Placemark>
      <Placemark>
        <name>요세미티 - 3. 엘 캐피탄 미도우 (갓길 주차)</name>
        <styleUrl>#icon-seq2-0-11-0288D1-nodesc</styleUrl>
        <Point>
          <coordinates>
            -119.635664,37.7230508,0
          </coordinates>
        </Point>
      </Placemark>
      <Placemark>
        <name>요세미티 - 4. Parking</name>
        <description>셔틀 탑승 or 도보 (15분)</description>
        <styleUrl>#icon-seq2-0-12-0288D1</styleUrl>
        <Point>
          <coordinates>
            -119.584896,37.7444651,0
          </coordinates>
        </Point>
      </Placemark>
      <Placemark>
        <name>요세미티 - 4. Yosemite Falls View</name>
        <styleUrl>#icon-seq2-0-13-0288D1-nodesc</styleUrl>
        <Point>
          <coordinates>
            -119.593782,37.7472255,0
          </coordinates>
        </Point>
      </Placemark>
      <Placemark>
        <name>요세미티 - 5. 센티널 브리지 파킹 에어리어</name>
        <styleUrl>#icon-seq2-0-14-0288D1-nodesc</styleUrl>
        <Point>
          <coordinates>
            -119.5896609,37.744092,0
          </coordinates>
        </Point>
      </Placemark>
      <Placemark>
        <name>요세미티 - 5. Sentinel Bridge</name>
        <styleUrl>#icon-seq2-0-15-0288D1-nodesc</styleUrl>
        <Point>
          <coordinates>
            -119.5897133,37.7434152,0
          </coordinates>
        </Point>
      </Placemark>
      <Placemark>
        <name>요세미디 - 5. 쿡스 미도우 루프</name>
        <styleUrl>#icon-seq2-0-16-0288D1-nodesc</styleUrl>
        <Point>
          <coordinates>
            -119.5927789,37.7461204,0
          </coordinates>
        </Point>
      </Placemark>
      <Placemark>
        <name>요세미티 - 6. Mirror Lake 주차 (셔틀)</name>
        <description><![CDATA[이거는 선택임<br>식품을 베어박스에 담아야함.<br>곰이 차 박살내고 식량 털어간다고함.]]></description>
        <styleUrl>#icon-seq2-0-17-0288D1</styleUrl>
        <Point>
          <coordinates>
            -119.5704843,37.7380039,0
          </coordinates>
        </Point>
      </Placemark>
      <Placemark>
        <name>요세미티 - 6. Mirror Lake Trailhead(하차)</name>
        <styleUrl>#icon-seq2-0-18-0288D1-nodesc</styleUrl>
        <Point>
          <coordinates>
            -119.55986,37.73944,0
          </coordinates>
        </Point>
      </Placemark>
      <Placemark>
        <name>요세미티 - 6. Mirror Lake</name>
        <styleUrl>#icon-seq2-0-19-0288D1-nodesc</styleUrl>
        <Point>
          <coordinates>
            -119.5497157,37.74797,0
          </coordinates>
        </Point>
      </Placemark>
      <Placemark>
        <name>옴스테드 포인트</name>
        <styleUrl>#icon-seq2-0-20-0288D1-nodesc</styleUrl>
        <Point>
          <coordinates>
            -119.4855348,37.8107002,0
          </coordinates>
        </Point>
      </Placemark>
      <Placemark>
        <name>테나야 호</name>
        <styleUrl>#icon-seq2-0-21-0288D1-nodesc</styleUrl>
        <Point>
          <coordinates>
            -119.4600072,37.8318506,0
          </coordinates>
        </Point>
      </Placemark>
      <Placemark>
        <name>캠핑카 2박 (노지, 온천)</name>
        <styleUrl>#icon-seq2-0-22-0288D1-nodesc</styleUrl>
        <Point>
          <coordinates>
            -118.7887639,37.6603805,0
          </coordinates>
        </Point>
      </Placemark>
      <Placemark>
        <name><![CDATA[캠핑카 2박 (캠핑장) Wild Willy's Parking]]></name>
        <styleUrl>#icon-seq2-0-23-0288D1-nodesc</styleUrl>
        <Point>
          <coordinates>
            -118.7710885,37.6589661,0
          </coordinates>
        </Point>
      </Placemark>
    </Folder>
    <Folder>
      <name>1구간 (롱밸리 ~ 데스밸리 ~ 라스베가스) - 26.10.05 ~ 26.10.06</name>
      <Placemark>
        <name>주유소 (저렴함)</name>
        <styleUrl>#icon-seq2-1-0-AFB42B-nodesc</styleUrl>
        <Point>
          <coordinates>
            -118.2892479,37.1689159,0
          </coordinates>
        </Point>
      </Placemark>
      <Placemark>
        <name>데스밸리 입구 주유소</name>
        <description>비싸다고 한다.</description>
        <styleUrl>#icon-seq2-1-1-AFB42B</styleUrl>
        <Point>
          <coordinates>
            -117.4675959,36.3391502,0
          </coordinates>
        </Point>
      </Placemark>
      <Placemark>
        <name>데스밸리 - 1. Mesquite Flat Sand Dunes Parking</name>
        <styleUrl>#icon-seq2-1-2-AFB42B-nodesc</styleUrl>
        <Point>
          <coordinates>
            -117.1159045,36.6059678,0
          </coordinates>
        </Point>
      </Placemark>
      <Placemark>
        <name>데스밸리 - 1. 메스키테 플랫 샌드 듄스</name>
        <styleUrl>#icon-seq2-1-3-AFB42B-nodesc</styleUrl>
        <Point>
          <coordinates>
            -117.1131444,36.6151215,0
          </coordinates>
        </Point>
      </Placemark>
      <Placemark>
        <name>무료 덤프스테이션</name>
        <description>물(40도), 오수 배출 무료</description>
        <styleUrl>#icon-seq2-1-4-AFB42B</styleUrl>
        <Point>
          <coordinates>
            -116.865171,36.460842,0
          </coordinates>
        </Point>
      </Placemark>
      <Placemark>
        <name>데스밸리 - 2. 아티스트 드라이브</name>
        <styleUrl>#icon-seq2-1-5-AFB42B-nodesc</styleUrl>
        <Point>
          <coordinates>
            -116.8510095,36.3817366,0
          </coordinates>
        </Point>
      </Placemark>
      <Placemark>
        <name>데스밸리 - 3. 배드워터 베이신</name>
        <styleUrl>#icon-seq2-1-6-AFB42B-nodesc</styleUrl>
        <Point>
          <coordinates>
            -116.7677771,36.2299722,0
          </coordinates>
        </Point>
      </Placemark>
      <Placemark>
        <name>데스밸리 - 3. 단테스 뷰 (시간 남으면?)</name>
        <styleUrl>#icon-seq2-1-7-AFB42B-nodesc</styleUrl>
        <Point>
          <coordinates>
            -116.7265978,36.2205786,0
          </coordinates>
        </Point>
      </Placemark>
      <Placemark>
        <name>데스밸리 - 4. Zabriskie Point (일몰)</name>
        <styleUrl>#icon-seq2-1-8-AFB42B-nodesc</styleUrl>
        <Point>
          <coordinates>
            -116.8097275,36.4208804,0
          </coordinates>
        </Point>
      </Placemark>
      <Placemark>
        <name>3박 무료 캠핑장 (시설x, 인터넷x)</name>
        <styleUrl>#icon-seq2-1-9-AFB42B-nodesc</styleUrl>
        <Point>
          <coordinates>
            -116.5995365,36.3387465,0
          </coordinates>
        </Point>
      </Placemark>
      <Placemark>
        <name>덤프스테이션 + 저렴 주유소</name>
        <styleUrl>#icon-seq2-1-10-AFB42B-nodesc</styleUrl>
        <Point>
          <coordinates>
            -115.142593,36.195069,0
          </coordinates>
        </Point>
      </Placemark>
      <Placemark>
        <name>라스베가스 - El Monte RV Rentals 반납</name>
        <styleUrl>#icon-seq2-1-11-AFB42B-nodesc</styleUrl>
        <Point>
          <coordinates>
            -115.0927067,36.1370232,0
          </coordinates>
        </Point>
      </Placemark>
    </Folder>
    <Folder>
      <name>2구간 (라스베가스 ~ 자이언캐년) - 26.10.06 ~ 26.10.07</name>
      <Placemark>
        <name>SB Boulder at 3650 Boulder Hwy</name>
        <styleUrl>#icon-seq2-2-0-673AB7-nodesc</styleUrl>
        <Point>
          <coordinates>
            -115.096002,36.140569,0
          </coordinates>
        </Point>
      </Placemark>
      <Placemark>
        <name>SB Boulder after Sunset</name>
        <styleUrl>#icon-seq2-2-1-673AB7-nodesc</styleUrl>
        <Point>
          <coordinates>
            -115.011283,36.065282,0
          </coordinates>
        </Point>
      </Placemark>
      <Placemark>
        <name><![CDATA[Indie Campers Las Vegas - RV & Campervan Rentals (픽업)]]></name>
        <styleUrl>#icon-seq2-2-2-673AB7-nodesc</styleUrl>
        <Point>
          <coordinates>
            -115.019006,36.0657828,0
          </coordinates>
        </Point>
      </Placemark>
      <Placemark>
        <name>Walmart</name>
        <styleUrl>#icon-seq2-2-3-673AB7-nodesc</styleUrl>
        <Point>
          <coordinates>
            -115.2450786,36.2147756,0
          </coordinates>
        </Point>
      </Placemark>
      <Placemark>
        <name>Virgin River Canyon</name>
        <description>지나가다가 들려도 되고 그냥 가도 되고</description>
        <styleUrl>#icon-seq2-2-4-673AB7</styleUrl>
        <Point>
          <coordinates>
            -113.8055236,36.9466401,0
          </coordinates>
        </Point>
      </Placemark>
      <Placemark>
        <name>노지 캠핑 1박 (인터넷 o)</name>
        <styleUrl>#icon-seq2-2-5-673AB7-nodesc</styleUrl>
        <Point>
          <coordinates>
            -113.2505142,37.2157045,0
          </coordinates>
        </Point>
      </Placemark>
      <Placemark>
        <name>10달러 덤프스테이션 (선택)</name>
        <styleUrl>#icon-seq2-2-6-673AB7-nodesc</styleUrl>
        <Point>
          <coordinates>
            -113.271275,37.210011,0
          </coordinates>
        </Point>
      </Placemark>
      <Placemark>
        <name>자이언 캐년 비지터 센터</name>
        <styleUrl>#icon-seq2-2-7-673AB7-nodesc</styleUrl>
        <Point>
          <coordinates>
            -112.9869847,37.2000925,0
          </coordinates>
        </Point>
      </Placemark>
      <Placemark>
        <name>셔틀 탑승</name>
        <styleUrl>#icon-seq2-2-8-673AB7-nodesc</styleUrl>
        <Point>
          <coordinates>
            -112.986872,37.200681,0
          </coordinates>
        </Point>
      </Placemark>
      <Placemark>
        <name>Grotto Down-Canyon (하차, 6번)</name>
        <styleUrl>#icon-seq2-2-9-673AB7-nodesc</styleUrl>
        <Point>
          <coordinates>
            -112.95105,37.259156,0
          </coordinates>
        </Point>
      </Placemark>
      <Placemark>
        <name>엔젤스 랜딩 트레일헤드</name>
        <styleUrl>#icon-seq2-2-10-673AB7-nodesc</styleUrl>
        <Point>
          <coordinates>
            -112.9512609,37.2592428,0
          </coordinates>
        </Point>
      </Placemark>
      <Placemark>
        <name>앤젤스 랜딩</name>
        <styleUrl>#icon-seq2-2-11-673AB7-nodesc</styleUrl>
        <Point>
          <coordinates>
            -112.9468989,37.2690326,0
          </coordinates>
        </Point>
      </Placemark>
      <Placemark>
        <name>셔틀 탑승</name>
        <styleUrl>#icon-seq2-2-12-673AB7-nodesc</styleUrl>
        <Point>
          <coordinates>
            -112.9509618,37.2591692,0
          </coordinates>
        </Point>
      </Placemark>
      <Placemark>
        <name>템플 오브 시나와바 (하차, 9번)</name>
        <styleUrl>#icon-seq2-2-13-673AB7-nodesc</styleUrl>
        <Point>
          <coordinates>
            -112.947996,37.2847038,0
          </coordinates>
        </Point>
      </Placemark>
      <Placemark>
        <name>Riverside Walk Trailhead</name>
        <styleUrl>#icon-seq2-2-14-673AB7-nodesc</styleUrl>
        <Point>
          <coordinates>
            -112.947721,37.2852144,0
          </coordinates>
        </Point>
      </Placemark>
      <Placemark>
        <name>셔틀 탑승</name>
        <styleUrl>#icon-seq2-2-15-673AB7-nodesc</styleUrl>
        <Point>
          <coordinates>
            -112.947547,37.285214,0
          </coordinates>
        </Point>
      </Placemark>
      <Placemark>
        <name>Horseshoe Bend 일몰 (18시)</name>
        <styleUrl>#icon-seq2-2-16-673AB7-nodesc</styleUrl>
        <Point>
          <coordinates>
            -111.5028016,36.876343,0
          </coordinates>
        </Point>
      </Placemark>
      <Placemark>
        <name>노지 캠핑 2박</name>
        <styleUrl>#icon-seq2-2-17-673AB7-nodesc</styleUrl>
        <Point>
          <coordinates>
            -111.4778,36.93522,0
          </coordinates>
        </Point>
      </Placemark>
    </Folder>
    <Folder>
      <name>2구간 (앤텔롭캐년 ~ 그랜드캐년) - 26.10.08</name>
      <Placemark>
        <name>Antelope Canyon X(오전 10시)</name>
        <styleUrl>#icon-seq2-3-0-FF5252-nodesc</styleUrl>
        <Point>
          <coordinates>
            -111.308757,36.8199103,0
          </coordinates>
        </Point>
      </Placemark>
      <Placemark>
        <name>무료 덤프스테이션</name>
        <styleUrl>#icon-seq2-3-1-FF5252-nodesc</styleUrl>
        <Point>
          <coordinates>
            -111.483031,36.908298,0
          </coordinates>
        </Point>
      </Placemark>
      <Placemark>
        <name>데저트 뷰 파킹 롯</name>
        <styleUrl>#icon-seq2-3-2-FF5252-nodesc</styleUrl>
        <Point>
          <coordinates>
            -111.8272843,36.0409287,0
          </coordinates>
        </Point>
      </Placemark>
      <Placemark>
        <name>데저트 뷰 워치타워</name>
        <styleUrl>#icon-seq2-3-3-FF5252-nodesc</styleUrl>
        <Point>
          <coordinates>
            -111.8253721,36.0440058,0
          </coordinates>
        </Point>
      </Placemark>
      <Placemark>
        <name>나바호 포인트</name>
        <styleUrl>#icon-seq2-3-4-FF5252-nodesc</styleUrl>
        <Point>
          <coordinates>
            -111.8378028,36.0381014,0
          </coordinates>
        </Point>
      </Placemark>
      <Placemark>
        <name>리판 포인트</name>
        <styleUrl>#icon-seq2-3-5-FF5252-nodesc</styleUrl>
        <Point>
          <coordinates>
            -111.8532142,36.0330415,0
          </coordinates>
        </Point>
      </Placemark>
      <Placemark>
        <name>모런 포인트</name>
        <styleUrl>#icon-seq2-3-6-FF5252-nodesc</styleUrl>
        <Point>
          <coordinates>
            -111.9242743,36.0051384,0
          </coordinates>
        </Point>
      </Placemark>
      <Placemark>
        <name>Grandview Point</name>
        <styleUrl>#icon-seq2-3-7-FF5252-nodesc</styleUrl>
        <Point>
          <coordinates>
            -111.9877556,35.9984667,0
          </coordinates>
        </Point>
      </Placemark>
      <Placemark>
        <name>그랜드 캐년 주차장</name>
        <styleUrl>#icon-seq2-3-8-FF5252-nodesc</styleUrl>
        <Point>
          <coordinates>
            -112.1086275,36.0605557,0
          </coordinates>
        </Point>
      </Placemark>
      <Placemark>
        <name>매더 포인트 (도보 이동)</name>
        <styleUrl>#icon-seq2-3-9-FF5252-nodesc</styleUrl>
        <Point>
          <coordinates>
            -112.1077222,36.0617153,0
          </coordinates>
        </Point>
      </Placemark>
      <Placemark>
        <name>마트 (술 살 때)</name>
        <styleUrl>#icon-seq2-3-10-FF5252-nodesc</styleUrl>
        <Point>
          <coordinates>
            -112.1246194,35.9755991,0
          </coordinates>
        </Point>
      </Placemark>
      <Placemark>
        <name>노지 캠핑 3박</name>
        <styleUrl>#icon-seq2-3-11-FF5252-nodesc</styleUrl>
        <Point>
          <coordinates>
            -112.112742,35.922305,0
          </coordinates>
        </Point>
      </Placemark>
    </Folder>
    <Folder>
      <name>2구간 (그랜드캐년 ~ 피닉스) - 26.10.09</name>
      <Placemark>
        <name>무료 덤프스테이션 (마더 캠프그라운드)</name>
        <styleUrl>#icon-seq2-4-0-FFEA00-nodesc</styleUrl>
        <Point>
          <coordinates>
            -112.121826,36.051038,0
          </coordinates>
        </Point>
      </Placemark>
      <Placemark>
        <name>그랜드 캐년 방문객 센터</name>
        <styleUrl>#icon-seq2-4-1-FFEA00-nodesc</styleUrl>
        <Point>
          <coordinates>
            -112.1092551,36.0591723,0
          </coordinates>
        </Point>
      </Placemark>
      <Placemark>
        <name>Yavapai Point (도보 이동)</name>
        <styleUrl>#icon-seq2-4-2-FFEA00-nodesc</styleUrl>
        <Point>
          <coordinates>
            -112.1174432,36.0663713,0
          </coordinates>
        </Point>
      </Placemark>
      <Placemark>
        <name>Yavapai Point Geology Museum</name>
        <styleUrl>#icon-seq2-4-3-FFEA00-nodesc</styleUrl>
        <Point>
          <coordinates>
            -112.11744,36.06543,0
          </coordinates>
        </Point>
      </Placemark>
      <Placemark>
        <name>Trail of Time</name>
        <description>트레일 시작 인증샷</description>
        <styleUrl>#icon-seq2-4-4-FFEA00</styleUrl>
        <Point>
          <coordinates>
            -112.1195283,36.0652669,0
          </coordinates>
        </Point>
      </Placemark>
      <Placemark>
        <name>Hopi House</name>
        <styleUrl>#icon-seq2-4-5-FFEA00-nodesc</styleUrl>
        <Point>
          <coordinates>
            -112.1367556,36.0577556,0
          </coordinates>
        </Point>
      </Placemark>
      <Placemark>
        <name>Bright Angel Trailhead</name>
        <description>물보충, 화장실</description>
        <styleUrl>#icon-seq2-4-6-FFEA00</styleUrl>
        <Point>
          <coordinates>
            -112.1436028,36.0574094,0
          </coordinates>
        </Point>
      </Placemark>
      <Placemark>
        <name>Trail View Overlook</name>
        <styleUrl>#icon-seq2-4-7-FFEA00-nodesc</styleUrl>
        <Point>
          <coordinates>
            -112.146986,36.0619162,0
          </coordinates>
        </Point>
      </Placemark>
      <Placemark>
        <name>마리코파 포인트</name>
        <styleUrl>#icon-seq2-4-8-FFEA00-nodesc</styleUrl>
        <Point>
          <coordinates>
            -112.1478142,36.0720611,0
          </coordinates>
        </Point>
      </Placemark>
      <Placemark>
        <name>Powell Point</name>
        <styleUrl>#icon-seq2-4-9-FFEA00-nodesc</styleUrl>
        <Point>
          <coordinates>
            -112.1512208,36.0732299,0
          </coordinates>
        </Point>
      </Placemark>
      <Placemark>
        <name>Hopi Point</name>
        <styleUrl>#icon-seq2-4-10-FFEA00-nodesc</styleUrl>
        <Point>
          <coordinates>
            -112.1549687,36.0743964,0
          </coordinates>
        </Point>
      </Placemark>
      <Placemark>
        <name>모하비 포인트</name>
        <styleUrl>#icon-seq2-4-11-FFEA00-nodesc</styleUrl>
        <Point>
          <coordinates>
            -112.1661603,36.0724154,0
          </coordinates>
        </Point>
      </Placemark>
      <Placemark>
        <name>The Abyss</name>
        <styleUrl>#icon-seq2-4-12-FFEA00-nodesc</styleUrl>
        <Point>
          <coordinates>
            -112.1691254,36.0581204,0
          </coordinates>
        </Point>
      </Placemark>
      <Placemark>
        <name>Monument Creek Vista</name>
        <styleUrl>#icon-seq2-4-13-FFEA00-nodesc</styleUrl>
        <Point>
          <coordinates>
            -112.1825508,36.0604454,0
          </coordinates>
        </Point>
      </Placemark>
      <Placemark>
        <name>Pima Point</name>
        <styleUrl>#icon-seq2-4-14-FFEA00-nodesc</styleUrl>
        <Point>
          <coordinates>
            -112.200045,36.07163,0
          </coordinates>
        </Point>
      </Placemark>
      <Placemark>
        <name><![CDATA[Hermit's Rest (종점)]]></name>
        <styleUrl>#icon-seq2-4-15-FFEA00-nodesc</styleUrl>
        <Point>
          <coordinates>
            -112.2111861,36.0620738,0
          </coordinates>
        </Point>
      </Placemark>
      <Placemark>
        <name>Hermits Rest (복귀 버스 - 빨강, 일몰보러)</name>
        <styleUrl>#icon-seq2-4-16-FFEA00-nodesc</styleUrl>
        <Point>
          <coordinates>
            -112.2103,36.06252,0
          </coordinates>
        </Point>
      </Placemark>
      <Placemark>
        <name>Hopi Point (일몰 - 복귀 시 빨강 버스)</name>
        <styleUrl>#icon-seq2-4-17-FFEA00-nodesc</styleUrl>
        <Point>
          <coordinates>
            -112.1549687,36.0754023,0
          </coordinates>
        </Point>
      </Placemark>
      <Placemark>
        <name>Village Route Transfer (복귀 파랑)</name>
        <styleUrl>#icon-seq2-4-18-FFEA00-nodesc</styleUrl>
        <Point>
          <coordinates>
            -112.1448041,36.0572422,0
          </coordinates>
        </Point>
      </Placemark>
      <Placemark>
        <name>그랜드 캐년 방문객 센터 (복귀)</name>
        <styleUrl>#icon-seq2-4-19-FFEA00-nodesc</styleUrl>
        <Point>
          <coordinates>
            -112.1092658,36.0590249,0
          </coordinates>
        </Point>
      </Placemark>
      <Placemark>
        <name>노지 캠핑 4박</name>
        <styleUrl>#icon-seq2-4-20-FFEA00-nodesc</styleUrl>
        <Point>
          <coordinates>
            -112.106472222222,35.8084444444444,0
          </coordinates>
        </Point>
      </Placemark>
    </Folder>
    <Folder>
      <name>2구간 (그랜드캐년 ~ 세도나 ~ 아파치 정션) - 26.10.10</name>
      <Placemark>
        <name>Bell Rock Trail 주차장</name>
        <styleUrl>#icon-seq2-5-0-795548-nodesc</styleUrl>
        <Point>
          <coordinates>
            -111.7759628,34.8241557,0
          </coordinates>
        </Point>
      </Placemark>
      <Placemark>
        <name>Bell Rock Trail (2시간 코스)</name>
        <styleUrl>#icon-seq2-5-1-795548-nodesc</styleUrl>
        <Point>
          <coordinates>
            -111.7755041,34.8243217,0
          </coordinates>
        </Point>
      </Placemark>
      <Placemark>
        <name>성 십자 예배당</name>
        <styleUrl>#icon-seq2-5-2-795548-nodesc</styleUrl>
        <Point>
          <coordinates>
            -111.7667545,34.8320032,0
          </coordinates>
        </Point>
      </Placemark>
      <Placemark>
        <name>무료 덤프 스테이션</name>
        <styleUrl>#icon-seq2-5-3-795548-nodesc</styleUrl>
        <Point>
          <coordinates>
            -112.017399,34.727778,0
          </coordinates>
        </Point>
      </Placemark>
      <Placemark>
        <name>반납 장소 (15시)</name>
        <styleUrl>#icon-seq2-5-4-795548-nodesc</styleUrl>
        <Point>
          <coordinates>
            -111.6084542,33.4159179,0
          </coordinates>
        </Point>
      </Placemark>
      <Placemark>
        <name>Thrifty Car Rental - Mesa Gateway Ap</name>
        <styleUrl>#icon-seq2-5-5-795548-nodesc</styleUrl>
        <Point>
          <coordinates>
            -111.6691125,33.3070304,0
          </coordinates>
        </Point>
      </Placemark>
      <Placemark>
        <name>Rodeway Inn Yuma Downtown</name>
        <styleUrl>#icon-seq2-5-6-795548-nodesc</styleUrl>
        <Point>
          <coordinates>
            -114.6249325,32.7206127,0
          </coordinates>
        </Point>
      </Placemark>
    </Folder>
    <Folder>
      <name>3구간 (피닉스 ~ LA) - 26.10.10 ~ 26.10.13</name>
      <Placemark>
        <name>Rodeway Inn Yuma Downtown</name>
        <styleUrl>#icon-seq2-6-0-000000-nodesc</styleUrl>
        <Point>
          <coordinates>
            -114.6249325,32.7206127,0
          </coordinates>
        </Point>
      </Placemark>
      <Placemark>
        <name>샌디에고 무료 주차 (차박 가능)</name>
        <styleUrl>#icon-seq2-6-1-000000-nodesc</styleUrl>
        <Point>
          <coordinates>
            -117.2369014,32.8456669,0
          </coordinates>
        </Point>
      </Placemark>
      <Placemark>
        <name>토리파인스 무료주차</name>
        <styleUrl>#icon-seq2-6-2-000000-nodesc</styleUrl>
        <Point>
          <coordinates>
            -117.2600587,32.9307701,0
          </coordinates>
        </Point>
      </Placemark>
      <Placemark>
        <name>토리 파인스 보호지역</name>
        <styleUrl>#icon-seq2-6-3-000000-nodesc</styleUrl>
        <Point>
          <coordinates>
            -117.2590751,32.9259973,0
          </coordinates>
        </Point>
      </Placemark>
      <Placemark>
        <name>선셋 클리프스 자연공원</name>
        <styleUrl>#icon-seq2-6-4-000000-nodesc</styleUrl>
        <Point>
          <coordinates>
            -117.2551679,32.715915,0
          </coordinates>
        </Point>
      </Placemark>
      <Placemark>
        <name>코로나도 섬</name>
        <styleUrl>#icon-seq2-6-5-000000-nodesc</styleUrl>
        <Point>
          <coordinates>
            -117.1783208,32.6809697,0
          </coordinates>
        </Point>
      </Placemark>
      <Placemark>
        <name><![CDATA[Phil's BBQ]]></name>
        <styleUrl>#icon-seq2-6-6-000000-nodesc</styleUrl>
        <Point>
          <coordinates>
            -117.0810226,33.0241702,0
          </coordinates>
        </Point>
      </Placemark>
      <Placemark>
        <name>더 타코 스탠드</name>
        <styleUrl>#icon-seq2-6-7-000000-nodesc</styleUrl>
        <Point>
          <coordinates>
            -117.1586319,32.717623,0
          </coordinates>
        </Point>
      </Placemark>
      <Placemark>
        <name>Quality Inn Temecula Valley Wine Country</name>
        <styleUrl>#icon-seq2-6-8-000000-nodesc</styleUrl>
        <Point>
          <coordinates>
            -117.1649165,33.5234018,0
          </coordinates>
        </Point>
      </Placemark>
      <Placemark>
        <name>Quality Inn Temecula Valley Wine Country</name>
        <styleUrl>#icon-seq2-6-9-000000-nodesc</styleUrl>
        <Point>
          <coordinates>
            -117.1649165,33.5234018,0
          </coordinates>
        </Point>
      </Placemark>
      <Placemark>
        <name>온타리오 밀스</name>
        <styleUrl>#icon-seq2-6-10-000000-nodesc</styleUrl>
        <Point>
          <coordinates>
            -117.551993,34.0729843,0
          </coordinates>
        </Point>
      </Placemark>
      <Placemark>
        <name>Hollywood Inn Suites Hotel</name>
        <styleUrl>#icon-seq2-6-11-000000-nodesc</styleUrl>
        <Point>
          <coordinates>
            -118.2930949,33.9161455,0
          </coordinates>
        </Point>
      </Placemark>
      <Placemark>
        <name>오베이션 할리우드</name>
        <styleUrl>#icon-seq2-6-12-000000-nodesc</styleUrl>
        <Point>
          <coordinates>
            -118.3399992,34.1023194,0
          </coordinates>
        </Point>
      </Placemark>
      <Placemark>
        <name>Lake Hollywood Park</name>
        <styleUrl>#icon-seq2-6-13-000000-nodesc</styleUrl>
        <Point>
          <coordinates>
            -118.3261053,34.1269448,0
          </coordinates>
        </Point>
      </Placemark>
      <Placemark>
        <name>Rodeo Drive Walk Of Style</name>
        <styleUrl>#icon-seq2-6-14-000000-nodesc</styleUrl>
        <Point>
          <coordinates>
            -118.4017765,34.068157,0
          </coordinates>
        </Point>
      </Placemark>
      <Placemark>
        <name>Urban Light</name>
        <styleUrl>#icon-seq2-6-15-000000-nodesc</styleUrl>
        <Point>
          <coordinates>
            -118.3592373,34.0630235,0
          </coordinates>
        </Point>
      </Placemark>
      <Placemark>
        <name>더 오리지널 파머스 마켓</name>
        <styleUrl>#icon-seq2-6-16-000000-nodesc</styleUrl>
        <Point>
          <coordinates>
            -118.3603699,34.0720115,0
          </coordinates>
        </Point>
      </Placemark>
      <Placemark>
        <name>그리피스 천문대</name>
        <styleUrl>#icon-seq2-6-17-000000-nodesc</styleUrl>
        <Point>
          <coordinates>
            -118.3003935,34.1184341,0
          </coordinates>
        </Point>
      </Placemark>
      <Placemark>
        <name>인앤아웃 버거 (다른거 먹어도됨)</name>
        <styleUrl>#icon-seq2-6-18-000000-nodesc</styleUrl>
        <Point>
          <coordinates>
            -118.3967839,33.9537066,0
          </coordinates>
        </Point>
      </Placemark>
      <Placemark>
        <name>Hollywood Inn Suites Hotel</name>
        <styleUrl>#icon-seq2-6-19-000000-nodesc</styleUrl>
        <Point>
          <coordinates>
            -118.2926818,33.9161099,0
          </coordinates>
        </Point>
      </Placemark>
    </Folder>
    <Folder>
      <name>쇼핑</name>
      <Placemark>
        <name>Savers</name>
        <description>중고마켓</description>
        <styleUrl>#icon-1899-0288D1</styleUrl>
        <Point>
          <coordinates>
            -121.9327289,37.7043897,0
          </coordinates>
        </Point>
      </Placemark>
      <Placemark>
        <name>REI</name>
        <description>샌프란시스코 아웃도어 할인점</description>
        <styleUrl>#icon-1899-0288D1</styleUrl>
        <Point>
          <coordinates>
            -122.404576,37.772493,0
          </coordinates>
        </Point>
      </Placemark>
      <Placemark>
        <name>REI</name>
        <description>아웃도어 할인점</description>
        <styleUrl>#icon-1899-0288D1</styleUrl>
        <Point>
          <coordinates>
            -121.927883,37.706783,0
          </coordinates>
        </Point>
      </Placemark>
    </Folder>
  </Document>
</kml>
